"id","TypeCode","Type","Name","WardCode","Ward","createdBy","createdDate","lastModifiedBy","lastModifiedDate"
"00e4079a-7e18-43c7-a5fb-79735a741b5a","1","Town Panchayat","Vilangudi (TP)","20CT2202W","Vilangudi (TP) WARD NO.-0002","System","2022-10-15 10:04:26.49793+00","","2022-10-15 10:04:26.49793+00"
"01c7362c-2bed-4a63-8eeb-b34d0699927b","1","Town Panchayat","A.Vellalapatti (TP)","20TP01011W","A.Vellalapatti (TP) WARD NO.-0011","System","2022-10-15 10:04:26.49793+00","","2022-10-15 10:04:26.49793+00"
"026f3e8d-dae5-43b3-a72a-8289f11730a9","2","Municipality","Melur (M)","20MU0123W","Melur (M) WARD NO.-0022","System","2022-10-15 10:04:26.500918+00","","2022-10-15 10:04:26.500918+00"
"03383fd2-fd22-4fbe-83de-3f2cb0dfb142","2","Municipality","Melur (M)","20MU0122W","Melur (M) WARD NO.-0021","System","2022-10-15 10:04:26.500918+00","","2022-10-15 10:04:26.500918+00"
"04d87643-3ea5-4d71-ae49-ebf54ee6b761","1","Town Panchayat","Silaiman (CT)","20CT1601W","Silaiman (CT) WARD NO.-0001","System","2022-10-15 10:04:26.500918+00","","2022-10-15 10:04:26.500918+00"
"0553e3fa-568d-431c-8d64-726733c42422","3","Corporation","Zone 5- West","20MC0198W","Madurai (M Corp.) WARD NO.-0098","System","2022-10-15 10:04:26.502928+00","","2022-10-15 10:04:26.502928+00"
"0667ccdf-2c43-4385-8310-804bca7c0890","1","Town Panchayat","Elumalai (TP)","20TP0313W","Elumalai (TP) WARD NO.-0013","System","2022-10-15 10:04:26.499928+00","","2022-10-15 10:04:26.499928+00"
"0714fb0b-835b-4ae1-a606-a22deb86417c","2","Municipality","Usilampatti (M)","20MU0305W","Usilampatti (M) WARD NO.-0005","System","2022-10-15 10:04:26.500918+00","","2022-10-15 10:04:26.500918+00"
"0900fc6f-3172-4ccf-8c0e-d91a8371d8d4","2","Municipality","Usilampatti (M)","20MU0308W","Usilampatti (M) WARD NO.-0008","System","2022-10-15 10:04:26.500918+00","","2022-10-15 10:04:26.500918+00"
"091de6d8-e5f9-4296-b145-054f654d531e","1","Town Panchayat","Alanganallur (TP)","20TP0206W","Alanganallur (TP) WARD NO.-0006","System","2022-10-15 10:04:26.498924+00","","2022-10-15 10:04:26.498924+00"
"0a0657cc-8a1b-495d-9131-0df60d83f599","2","Municipality","Melur (M)","20MU0120W","Melur (M) WARD NO.-0019","System","2022-10-15 10:04:26.500918+00","","2022-10-15 10:04:26.500918+00"
"0b5d21a2-ac69-4fe1-88e6-e43424cf6f1a","3","Corporation","Zone  1- East","20MC0109W","Madurai (M Corp.) WARD NO.-0009","System","2022-10-15 10:04:26.501845+00","","2022-10-15 10:04:26.501845+00"
"0b61c898-00d3-43e4-8d56-7ce4725d5d02","1","Town Panchayat","Peraiyur (TP)","20TP0609W","Peraiyur (TP) WARD NO.-0009","System","2022-10-15 10:04:26.499928+00","","2022-10-15 10:04:26.499928+00"
"0ca57bf0-a281-4242-80f0-8fec8c7ca804","1","Town Panchayat","Vilangudi (TP)","20CT2201W","Vilangudi (TP) WARD NO.-0001","System","2022-10-15 10:04:26.49793+00","","2022-10-15 10:04:26.49793+00"
"0cff7562-382f-4de5-ac62-84d2864f37fe","3","Corporation","Zone 2-  North","20MC0166W","Madurai (M Corp.) WARD NO.-0066","System","2022-10-15 10:04:26.501845+00","","2022-10-15 10:04:26.501845+00"
"0da39e8f-56d4-4730-bf1b-b635f704e827","1","Town Panchayat","Alanganallur (TP)","20TP02011W","Alanganallur (TP) WARD NO.-0011","System","2022-10-15 10:04:26.498924+00","","2022-10-15 10:04:26.498924+00"
"0e443c66-3551-48ac-89be-8232fbc37823","2","Municipality","Usilampatti (M)","20MU0301W","Usilampatti (M) WARD NO.-0001","System","2022-10-15 10:04:26.500918+00","","2022-10-15 10:04:26.500918+00"
"0eb419fd-ea4b-4a11-828f-67deae5e36aa","1","Town Panchayat","Vilacheri (CT)","20CT2101W","Vilacheri (CT) WARD NO.-0001","System","2022-10-15 10:04:26.499928+00","","2022-10-15 10:04:26.499928+00"
"0ec66c5b-f517-41d8-936a-a64d4b275ac1","1","Town Panchayat","Vilangudi (TP)","20CT2208W","Vilangudi (TP) WARD NO.-0008","System","2022-10-15 10:04:26.49793+00","","2022-10-15 10:04:26.49793+00"
"0f3bc24d-be17-408a-a2e9-81ce185136af","3","Corporation","Zone 5- West","20MC0195W","Madurai (M Corp.) WARD NO.-0095","System","2022-10-15 10:04:26.502928+00","","2022-10-15 10:04:26.502928+00"
"11afe206-2248-4f7f-9d89-9fae1d3ca1a9","1","Town Panchayat","Thirunagar (TP)","20CT1815W","Thirunagar (TP) WARD NO.-0015","System","2022-10-15 10:04:26.499928+00","","2022-10-15 10:04:26.499928+00"
"120da6aa-dc82-4305-85cd-3f1791040b40","2","Municipality","Thirumangalam (M)","20MU0209W","Thirumangalam (M) WARD NO.-0009","System","2022-10-15 10:04:26.500918+00","","2022-10-15 10:04:26.500918+00"
"1233a5d2-2c5b-4d2d-b318-882036e808f0","1","Town Panchayat","Vilangudi (TP)","20CT2205W","Vilangudi (TP) WARD NO.-0005","System","2022-10-15 10:04:26.49793+00","","2022-10-15 10:04:26.49793+00"
"125cc946-6c37-4a54-9b1e-be04fdb74c5c","1","Town Panchayat","T.Kallupatti (TP)","20TP0816W","T.Kallupatti (TP) WARD NO.-0015","System","2022-10-15 10:04:26.499928+00","","2022-10-15 10:04:26.499928+00"
"133e2d02-f4eb-45c8-9f89-d5466c837126","1","Town Panchayat","Thirunagar (TP)","20CT1803W","Thirunagar (TP) WARD NO.-0003","System","2022-10-15 10:04:26.499928+00","","2022-10-15 10:04:26.499928+00"
"1389dfc5-7b3e-4673-b5dc-4a57a3361107","3","Corporation","Zone  1- East","20MC0106W","Madurai (M Corp.) WARD NO.-0006","System","2022-10-15 10:04:26.501845+00","","2022-10-15 10:04:26.501845+00"
"13e79b6d-6d9c-40a6-ae03-8e8a5c28ba25","3","Corporation","Zone 5- West","20MC0173W","Madurai (M Corp.) WARD NO.-0073","System","2022-10-15 10:04:26.502928+00","","2022-10-15 10:04:26.502928+00"
"1476d55e-b7b2-4db8-8e21-83dde9418ea2","1","Town Panchayat","Alanganallur (TP)","20TP02010W","Alanganallur (TP) WARD NO.-0010","System","2022-10-15 10:04:26.498924+00","","2022-10-15 10:04:26.498924+00"
"15119853-4d87-4a2d-a89b-16fe9eb23750","1","Town Panchayat","Paravai (TP)","20TP0514W","Paravai (TP) WARD NO.-0014","System","2022-10-15 10:04:26.49793+00","","2022-10-15 10:04:26.49793+00"
"1578c5c5-8b4a-40c8-be7e-301133597567","2","Municipality","Melur (M)","20MU0128W","Melur (M) WARD NO.-0027","System","2022-10-15 10:04:26.500918+00","","2022-10-15 10:04:26.500918+00"
"16299707-6203-4db9-8cc9-a9ea42955540","1","Town Panchayat","Thirunagar (TP)","20CT1801W","Thirunagar (TP) WARD NO.-0001","System","2022-10-15 10:04:26.499928+00","","2022-10-15 10:04:26.499928+00"
"17288938-8496-48ae-96c7-665d709e4c99","1","Town Panchayat","Vilangudi (TP)","20CT2214W","Vilangudi (TP) WARD NO.-0014","System","2022-10-15 10:04:26.49793+00","","2022-10-15 10:04:26.49793+00"
"17b34829-242d-4f58-a6c2-7cb0dcfd9c1a","3","Corporation","Zone  1- East","20MC0136W","Madurai (M Corp.) WARD NO.-0036","System","2022-10-15 10:04:26.501845+00","","2022-10-15 10:04:26.501845+00"
"1867fb3f-1a97-4edc-9904-e70224420e23","1","Town Panchayat","Vilangudi (TP)","20CT2215W","Vilangudi (TP) WARD NO.-0015","System","2022-10-15 10:04:26.49793+00","","2022-10-15 10:04:26.49793+00"
"1890239a-0e71-4b83-82fe-4b59899255ec","1","Town Panchayat","Alanganallur (TP)","20TP02012W","Alanganallur (TP) WARD NO.-0012","System","2022-10-15 10:04:26.498924+00","","2022-10-15 10:04:26.498924+00"
"18ad87c5-2c87-43cd-84b6-fba2aff318ba","2","Municipality","Melur (M)","20MU0109W","Melur (M) WARD NO.-0009","System","2022-10-15 10:04:26.500918+00","","2022-10-15 10:04:26.500918+00"
"18cd58aa-2899-4a86-8a29-d78b7fb99a8c","1","Town Panchayat","Sholavandan (TP)","20TP0703W","Sholavandan (TP) WARD NO.-0003","System","2022-10-15 10:04:26.498924+00","","2022-10-15 10:04:26.498924+00"
"193331a5-932e-42b0-8ae6-abde2f1ec185","1","Town Panchayat","Chinna Anuppanadi (CT)","20CT0201W","Chinna Anuppanadi (CT) WARD NO.-0001","System","2022-10-15 10:04:26.499928+00","","2022-10-15 10:04:26.499928+00"
"19f1412b-5865-4c08-a595-d34d1d8101a2","3","Corporation","Zone 5- West","20MC0197W","Madurai (M Corp.) WARD NO.-0097","System","2022-10-15 10:04:26.502928+00","","2022-10-15 10:04:26.502928+00"
"1a0c2849-54b9-42db-8011-9e54476fca4c","1","Town Panchayat","Harveypatti (TP)","20CT0306W","Harveypatti (TP) WARD NO.-0006","System","2022-10-15 10:04:26.499928+00","","2022-10-15 10:04:26.499928+00"
"1b498931-77fd-411f-8f92-b5d4a870b7c0","3","Corporation","Zone 4- South","20MC0141W","Madurai (M Corp.) WARD NO.-0041","System","2022-10-15 10:04:26.501845+00","","2022-10-15 10:04:26.501845+00"
"1ba8e375-42af-4fd6-b384-e60ceb0e5ce5","3","Corporation","Zone 2-  North","20MC0127W","Madurai (M Corp.) WARD NO.-0027","System","2022-10-15 10:04:26.501845+00","","2022-10-15 10:04:26.501845+00"
"1c069325-c54d-445f-b91c-026a46ee7bfe","1","Town Panchayat","Alanganallur (TP)","20TP0205W","Alanganallur (TP) WARD NO.-0005","System","2022-10-15 10:04:26.498924+00","","2022-10-15 10:04:26.498924+00"
"1c3698d3-77fd-409c-9440-08ed2bf566f5","1","Town Panchayat","Vadipatti (TP)","20TP0910W","Vadipatti (TP) WARD NO.-0010","System","2022-10-15 10:04:26.498924+00","","2022-10-15 10:04:26.498924+00"
"1c724fd6-fc3f-417a-88e0-8f5778bc2763","2","Municipality","Usilampatti (M)","20MU0311W","Usilampatti (M) WARD NO.-0011","System","2022-10-15 10:04:26.500918+00","","2022-10-15 10:04:26.500918+00"
"1d4a3578-6156-47a6-a54b-6ba3422bf4cb","1","Town Panchayat","T.Kallupatti (TP)","20TP0806W","T.Kallupatti (TP) WARD NO.-0005","System","2022-10-15 10:04:26.499928+00","","2022-10-15 10:04:26.499928+00"
"1dc509a7-6628-41d3-a77a-e29ea93ce5ff","2","Municipality","Thirumangalam (M)","20MU0216W","Thirumangalam (M) WARD NO.-0016","System","2022-10-15 10:04:26.500918+00","","2022-10-15 10:04:26.500918+00"
"1f02de88-2369-48d1-acbc-374840952672","2","Municipality","Thirumangalam (M)","20MU0203W","Thirumangalam (M) WARD NO.-0003","System","2022-10-15 10:04:26.500918+00","","2022-10-15 10:04:26.500918+00"
"20685c14-1384-4000-9a98-14a84ca1a7bd","2","Municipality","Melur (M)","20MU0127W","Melur (M) WARD NO.-0026","System","2022-10-15 10:04:26.500918+00","","2022-10-15 10:04:26.500918+00"
"210e49ef-252c-44a1-9fd1-4d83cda2f176","3","Corporation","Zone 5- West","20MC0180W","Madurai (M Corp.) WARD NO.-0080","System","2022-10-15 10:04:26.502928+00","","2022-10-15 10:04:26.502928+00"
"216cbfa2-e915-4bfe-801a-e11adf6a37f2","2","Municipality","Thirumangalam (M)","20MU0217W","Thirumangalam (M) WARD NO.-0017","System","2022-10-15 10:04:26.500918+00","","2022-10-15 10:04:26.500918+00"
"22092162-b978-4978-a25f-3da8a30d4d73","1","Town Panchayat","T.Kallupatti (TP)","20TP0813W","T.Kallupatti (TP) WARD NO.-0012","System","2022-10-15 10:04:26.499928+00","","2022-10-15 10:04:26.499928+00"
"221bcdc6-fb35-4d5f-ac4d-65ecde91f27e","2","Municipality","Thirumangalam (M)","20MU0201W","Thirumangalam (M) WARD NO.-0001","System","2022-10-15 10:04:26.500918+00","","2022-10-15 10:04:26.500918+00"
"2246d4f8-c986-439a-9d4d-28d43506b532","3","Corporation","Zone  1- East","20MC0119W","Madurai (M Corp.) WARD NO.-0019","System","2022-10-15 10:04:26.501845+00","","2022-10-15 10:04:26.501845+00"
"2258964d-f05d-4ca8-96b5-62c56f0fe69f","3","Corporation","Zone 3- Central","20MC0167W","Madurai (M Corp.) WARD NO.-0067","System","2022-10-15 10:04:26.501845+00","","2022-10-15 10:04:26.501845+00"
"22e38bb8-529d-4e48-a9de-ef4d79912abe","1","Town Panchayat","Peraiyur (TP)","20TP0606W","Peraiyur (TP) WARD NO.-0006","System","2022-10-15 10:04:26.499928+00","","2022-10-15 10:04:26.499928+00"
"253b3a3c-2fe5-4c5f-8c60-f621a1c4c9ec","1","Town Panchayat","TestTown123","TestWard","TestTown0293939","superadmin","2022-10-29 06:56:57.192447+00","superadmin","2022-10-29 07:15:31.342588+00"
"2584a536-d439-421a-adb2-24157c8048ae","1","Town Panchayat","T.Kallupatti (TP)","20TP0811W","T.Kallupatti (TP) WARD NO.-0010","System","2022-10-15 10:04:26.499928+00","","2022-10-15 10:04:26.499928+00"
"26927c70-1887-4549-b0ca-70aa73fbc091","3","Corporation","Zone 3- Central","20MC0177W","Madurai (M Corp.) WARD NO.-0077","System","2022-10-15 10:04:26.501845+00","","2022-10-15 10:04:26.501845+00"
"28809525-aa41-423b-bf56-db78abfb201e","2","Municipality","Thirumangalam (M)","20MU0202W","Thirumangalam (M) WARD NO.-0002","System","2022-10-15 10:04:26.500918+00","","2022-10-15 10:04:26.500918+00"
"28a90bf7-274c-4cb1-83da-4f715f68f816","1","Town Panchayat","Narasingam (CT)","20CT1001W","Narasingam (CT) WARD NO.-0001","System","2022-10-15 10:04:26.49793+00","","2022-10-15 10:04:26.49793+00"
"28d16afa-8554-416d-986d-e41beb9ca20e","1","Town Panchayat","Alanganallur (TP)","20TP02013W","Alanganallur (TP) WARD NO.-0013","System","2022-10-15 10:04:26.498924+00","","2022-10-15 10:04:26.498924+00"
"292eaa54-ef27-4c47-ba4d-1f575688acc1","3","Corporation","Zone  1- East","20MC0111W","Madurai (M Corp.) WARD NO.-0011","System","2022-10-15 10:04:26.501845+00","","2022-10-15 10:04:26.501845+00"
"2b5b7011-e24b-4502-af8d-f4310d811fc3","2","Municipality","Thirumangalam (M)","20MU0207W","Thirumangalam (M) WARD NO.-0007","System","2022-10-15 10:04:26.500918+00","","2022-10-15 10:04:26.500918+00"
"2bf5bf0b-525d-42e2-be3a-6125804f6bb0","1","Town Panchayat","Harveypatti (TP)","20CT0315W","Harveypatti (TP) WARD NO.-0015","System","2022-10-15 10:04:26.499928+00","","2022-10-15 10:04:26.499928+00"
"2cb9d969-55c6-4e77-974d-e32e983c7e2e","1","Town Panchayat","Vilangudi (TP)","20CT2213W","Vilangudi (TP) WARD NO.-0013","System","2022-10-15 10:04:26.49793+00","","2022-10-15 10:04:26.49793+00"
"2ceca924-ca06-4e26-adce-37ecdfc25a7d","3","Corporation","Zone  1- East","20MC0139W","Madurai (M Corp.) WARD NO.-0039","System","2022-10-15 10:04:26.501845+00","","2022-10-15 10:04:26.501845+00"
"2fe78a30-786e-4726-b01e-94703335648e","2","Municipality","Melur (M)","20MU0114W","Melur (M) WARD NO.-0013","System","2022-10-15 10:04:26.500918+00","","2022-10-15 10:04:26.500918+00"
"31150e26-50f9-480d-a8d8-405623f9393f","2","Municipality","Usilampatti (M)","20MU0319W","Usilampatti (M) WARD NO.-0019","System","2022-10-15 10:04:26.501845+00","","2022-10-15 10:04:26.501845+00"
"31680fc2-dab7-4fc8-ab51-0c9ffa0c632f","3","Corporation","Zone 2-  North","20MC0123W","Madurai (M Corp.) WARD NO.-0023","System","2022-10-15 10:04:26.501845+00","","2022-10-15 10:04:26.501845+00"
"32773168-fa83-48b6-8c48-a6dc1cf3c4fe","3","Corporation","Zone 5- West","20MC0178W","Madurai (M Corp.) WARD NO.-0078","System","2022-10-15 10:04:26.502928+00","","2022-10-15 10:04:26.502928+00"
"32c5eb76-11f2-49b6-bb39-95e3e7d63517","1","Town Panchayat","Thirunagar (TP)","20CT1807W","Thirunagar (TP) WARD NO.-0007","System","2022-10-15 10:04:26.499928+00","","2022-10-15 10:04:26.499928+00"
"32fd8871-0743-4769-9750-482906922324","2","Municipality","Thirumangalam (M)","20MU0212W","Thirumangalam (M) WARD NO.-0012","System","2022-10-15 10:04:26.500918+00","","2022-10-15 10:04:26.500918+00"
"33b2ec9b-a1e5-4342-b1af-c0812dfe5972","2","Municipality","Melur (M)","20MU0112W","Melur (M) WARD NO.-0011","System","2022-10-15 10:04:26.500918+00","","2022-10-15 10:04:26.500918+00"
"33b6063e-e133-4898-beb2-224fde7adcf0","1","Town Panchayat","Paravai (TP)","20TP0508W","Paravai (TP) WARD NO.-0008","System","2022-10-15 10:04:26.49793+00","","2022-10-15 10:04:26.49793+00"
"34d73fec-91cd-4bcd-97d3-d9ce31f434a4","1","Town Panchayat","Iravadanallur (CT)","20CT0401W","Iravadanallur (CT) WARD NO.-0001","System","2022-10-15 10:04:26.499928+00","","2022-10-15 10:04:26.499928+00"
"35b68581-a60b-4b98-9d36-a9b3e43deac3","1","Town Panchayat","Vadipatti (TP)","20TP0904W","Vadipatti (TP) WARD NO.-0004","System","2022-10-15 10:04:26.498924+00","","2022-10-15 10:04:26.498924+00"
"36067529-5d09-465e-85ff-8f2f330bc452","2","Municipality","Usilampatti (M)","20MU0309W","Usilampatti (M) WARD NO.-0009","System","2022-10-15 10:04:26.500918+00","","2022-10-15 10:04:26.500918+00"
"36a82a0d-bc53-4c1d-a3ae-3027307da524","3","Corporation","Zone  1- East","20MC0116W","Madurai (M Corp.) WARD NO.-0016","System","2022-10-15 10:04:26.501845+00","","2022-10-15 10:04:26.501845+00"
"37db9e9d-6719-40c8-baee-14a0d74fc2d4","1","Town Panchayat","Sholavandan (TP)","20TP0701W","Sholavandan (TP) WARD NO.-0001","System","2022-10-15 10:04:26.498924+00","","2022-10-15 10:04:26.498924+00"
"385f2330-e47a-45e9-af0c-0cc822e85a31","1","Town Panchayat","A.Vellalapatti (TP)","20TP01012W","A.Vellalapatti (TP) WARD NO.-0012","System","2022-10-15 10:04:26.49793+00","","2022-10-15 10:04:26.49793+00"
"3873996d-08ff-4bab-ade6-e79fae66d49c","2","Municipality","Melur (M)","20MU0106W","Melur (M) WARD NO.-0006","System","2022-10-15 10:04:26.500918+00","","2022-10-15 10:04:26.500918+00"
"38ee4bfb-16f7-4ed1-82b4-c65203591254","1","Town Panchayat","Sholavandan (TP)","20TP0713W","Sholavandan (TP) WARD NO.-0013","System","2022-10-15 10:04:26.498924+00","","2022-10-15 10:04:26.498924+00"
"39592109-28d9-4a9a-aa33-1c9676caa47a","1","Town Panchayat","Palamedu (TP)","20TP0401W","Palamedu (TP) WARD NO.-0001","System","2022-10-15 10:04:26.498924+00","","2022-10-15 10:04:26.498924+00"
"3a34813f-bec9-4219-be51-3ee96349cb66","1","Town Panchayat","Paravai (TP)","20TP0504W","Paravai (TP) WARD NO.-0004","System","2022-10-15 10:04:26.49793+00","","2022-10-15 10:04:26.49793+00"
"3b912013-2ac1-4ebd-aaea-350b946dde51","2","Municipality","Melur (M)","20MU0101W","Melur (M) WARD NO.-0001","System","2022-10-15 10:04:26.500918+00","","2022-10-15 10:04:26.500918+00"
"3bb0168f-f27b-4177-b28f-6ba4f54bb7b9","2","Municipality","Thirumangalam (M)","20MU0208W","Thirumangalam (M) WARD NO.-0008","System","2022-10-15 10:04:26.500918+00","","2022-10-15 10:04:26.500918+00"
"3c100320-7584-403e-9e97-dd3eeac1ce92","1","Town Panchayat","Sakkimangalam (CT)","20CT1301W","Sakkimangalam (CT) WARD NO.-0001","System","2022-10-15 10:04:26.49793+00","","2022-10-15 10:04:26.49793+00"
"3e124e7c-d4cf-4a90-b0f9-9d5a6f132cc1","3","Corporation","Zone 2-  North","20MC0163W","Madurai (M Corp.) WARD NO.-0063","System","2022-10-15 10:04:26.501845+00","","2022-10-15 10:04:26.501845+00"
"3e7ab5a0-30cf-48b8-a453-d5eae1607074","1","Town Panchayat","Peraiyur (TP)","20TP0604W","Peraiyur (TP) WARD NO.-0004","System","2022-10-15 10:04:26.499928+00","","2022-10-15 10:04:26.499928+00"
"3ebe6585-c909-4777-8afb-65dc6bbf2af4","3","Corporation","Zone 4- South","20MC0189W","Madurai (M Corp.) WARD NO.-0089","System","2022-10-15 10:04:26.502928+00","","2022-10-15 10:04:26.502928+00"
"408c7dba-9749-408d-866f-afcdbcaa5d43","3","Corporation","Zone 4- South","20MC0186W","Madurai (M Corp.) WARD NO.-0086","System","2022-10-15 10:04:26.502928+00","","2022-10-15 10:04:26.502928+00"
"414243c9-1c3a-4271-a2b2-e10e2d993972","2","Municipality","Melur (M)","20MU0117W","Melur (M) WARD NO.-0016","System","2022-10-15 10:04:26.500918+00","","2022-10-15 10:04:26.500918+00"
"41f51256-8266-475e-ae11-eb423863468f","2","Municipality","Melur (M)","20MU0116W","Melur (M) WARD NO.-0015","System","2022-10-15 10:04:26.500918+00","","2022-10-15 10:04:26.500918+00"
"4217c929-cd9a-4c29-b318-654a695df2ff","3","Corporation","Zone 4- South","20MC0185W","Madurai (M Corp.) WARD NO.-0085","System","2022-10-15 10:04:26.502928+00","","2022-10-15 10:04:26.502928+00"
"43d38796-b66b-462c-af62-59644305bf67","1","Town Panchayat","T.Kallupatti (TP)","20TP0802W","T.Kallupatti (TP) WARD NO.-0001","System","2022-10-15 10:04:26.499928+00","","2022-10-15 10:04:26.499928+00"
"4436770e-2b9f-4578-b2c4-e9b5323689ef","3","Corporation","Zone 3- Central","20MC0151W","Madurai (M Corp.) WARD NO.-0051","System","2022-10-15 10:04:26.501845+00","","2022-10-15 10:04:26.501845+00"
"448cb0ae-7b2d-4516-8d3b-f70bb9b9118c","1","Town Panchayat","Vadipatti (TP)","20TP0901W","Vadipatti (TP) WARD NO.-0001","System","2022-10-15 10:04:26.49793+00","","2022-10-15 10:04:26.49793+00"
"45623893-85a8-412a-b915-110ee979b6cc","1","Town Panchayat","Vilangudi (TP)","20CT2209W","Vilangudi (TP) WARD NO.-0009","System","2022-10-15 10:04:26.49793+00","","2022-10-15 10:04:26.49793+00"
"4574994c-7f7c-42c3-9dc5-6d1fc71e4337","1","Town Panchayat","Palamedu (TP)","20TP0509W","Palamedu (TP) WARD NO.-0009","System","2022-10-15 10:04:26.498924+00","","2022-10-15 10:04:26.498924+00"
"45878032-5c1a-4927-b9ff-81e9939eadb6","1","Town Panchayat","Vadipatti (TP)","20TP0902W","Vadipatti (TP) WARD NO.-0002","System","2022-10-15 10:04:26.498924+00","","2022-10-15 10:04:26.498924+00"
"46f309e3-f256-4d48-9c43-cd56a6106f9a","1","Town Panchayat","Vadipatti (TP)","20TP0903W","Vadipatti (TP) WARD NO.-0003","System","2022-10-15 10:04:26.498924+00","","2022-10-15 10:04:26.498924+00"
"475419b0-4a26-4343-a89c-78ac71c553c1","2","Municipality","Thirumangalam (M)","20MU0223W","Thirumangalam (M) WARD NO.-0023","System","2022-10-15 10:04:26.500918+00","","2022-10-15 10:04:26.500918+00"
"47791f98-9990-44a8-95c6-87b55f6658ce","1","Town Panchayat","Karadipatti (CT)","20CT0601W","Karadipatti (CT) WARD NO.-0001","System","2022-10-15 10:04:26.499928+00","","2022-10-15 10:04:26.499928+00"
"47b37ca9-bbb9-437b-a6bf-9d0feb80edf2","3","Corporation","Zone  1- East","20MC0114W","Madurai (M Corp.) WARD NO.-0014","System","2022-10-15 10:04:26.501845+00","","2022-10-15 10:04:26.501845+00"
"4a7c9a07-389e-42de-84ca-fff353e50898","1","Town Panchayat","Melamadai (CT)","20CT0701W","Melamadai (CT) WARD NO.-0001","System","2022-10-15 10:04:26.49793+00","","2022-10-15 10:04:26.49793+00"
"4afbbde5-25ab-4ba3-88af-c4a1f2415acf","2","Municipality","Melur (M)","20MU0121W","Melur (M) WARD NO.-0020","System","2022-10-15 10:04:26.500918+00","","2022-10-15 10:04:26.500918+00"
"4b335f01-53a7-44c0-8f3a-3ca8b7addca4","1","Town Panchayat","Elumalai (TP)","20TP0318W","Elumalai (TP) WARD NO.-0018","System","2022-10-15 10:04:26.499928+00","","2022-10-15 10:04:26.499928+00"
"4befe13c-3ccd-4341-82b1-d1c7c3a060ef","1","Town Panchayat","Sholavandan (TP)","20TP0707W","Sholavandan (TP) WARD NO.-0007","System","2022-10-15 10:04:26.498924+00","","2022-10-15 10:04:26.498924+00"
"4c31c489-1bb7-4c82-b21a-5f8c0a9bcf57","1","Town Panchayat","Sholavandan (TP)","20TP0702W","Sholavandan (TP) WARD NO.-0002","System","2022-10-15 10:04:26.498924+00","","2022-10-15 10:04:26.498924+00"
"4d384152-b885-4759-b2a2-dcc8f8bbba3a","2","Municipality","Thirumangalam (M)","20MU0221W","Thirumangalam (M) WARD NO.-0021","System","2022-10-15 10:04:26.500918+00","","2022-10-15 10:04:26.500918+00"
"4dd2e472-151e-47d8-b9ae-73bd76e1ac78","1","Town Panchayat","Palamedu (TP)","20TP0512W","Palamedu (TP) WARD NO.-0012","System","2022-10-15 10:04:26.498924+00","","2022-10-15 10:04:26.498924+00"
"4e1c0549-5b7c-4c4d-aae7-70f0baff49bf","1","Town Panchayat","Peraiyur (TP)","20TP0615W","Peraiyur (TP) WARD NO.-0015","System","2022-10-15 10:04:26.499928+00","","2022-10-15 10:04:26.499928+00"
"4ecf6b1f-f7dc-4ab1-a8cf-7b20e89ea5dc","3","Corporation","Zone 4- South","20MC0147W","Madurai (M Corp.) WARD NO.-0047","System","2022-10-15 10:04:26.501845+00","","2022-10-15 10:04:26.501845+00"
"4f300199-21a1-42f3-87e4-8f10a70efbeb","3","Corporation","Zone 2-  North","20MC0164W","Madurai (M Corp.) WARD NO.-0064","System","2022-10-15 10:04:26.501845+00","","2022-10-15 10:04:26.501845+00"
"4fc16ec6-edb7-42d3-acc6-12966a43ccb6","1","Town Panchayat","Vilangudi (TP)","20CT2203W","Vilangudi (TP) WARD NO.-0003","System","2022-10-15 10:04:26.49793+00","","2022-10-15 10:04:26.49793+00"
"4fecc940-bbea-4924-a840-01b268784651","1","Town Panchayat","Vadipatti (TP)","20TP0912W","Vadipatti (TP) WARD NO.-0012","System","2022-10-15 10:04:26.498924+00","","2022-10-15 10:04:26.498924+00"
"513ac96e-ae30-4156-b029-9e5d1e779e58","2","Municipality","Melur (M)","20MU0115W","Melur (M) WARD NO.-0014","System","2022-10-15 10:04:26.500918+00","","2022-10-15 10:04:26.500918+00"
"51808818-f4ec-4689-9afc-de9919c5d00b","1","Town Panchayat","Harveypatti (TP)","20CT0304W","Harveypatti (TP) WARD NO.-0004","System","2022-10-15 10:04:26.499928+00","","2022-10-15 10:04:26.499928+00"
"51af8305-7bcc-4e70-8c05-1b3c63897b74","3","Corporation","Zone 5- West","20MC0172W","Madurai (M Corp.) WARD NO.-0072","System","2022-10-15 10:04:26.502928+00","","2022-10-15 10:04:26.502928+00"
"52a670fc-6fac-4ca7-87ba-31a24c5b1464","1","Town Panchayat","Elumalai (TP)","20TP0303W","Elumalai (TP) WARD NO.-0003","System","2022-10-15 10:04:26.498924+00","","2022-10-15 10:04:26.498924+00"
"53970c35-c204-4ab0-af1b-bbaeafb00b5d","1","Town Panchayat","Vilangudi (TP)","20CT2210W","Vilangudi (TP) WARD NO.-0010","System","2022-10-15 10:04:26.49793+00","","2022-10-15 10:04:26.49793+00"
"54d177c0-ba7d-4ba6-86f3-fa9bb4ad05bf","2","Municipality","Melur (M)","20MU0124W","Melur (M) WARD NO.-0023","System","2022-10-15 10:04:26.500918+00","","2022-10-15 10:04:26.500918+00"
"54db8467-8a1b-4332-a678-f0386aece9f2","1","Town Panchayat","Harveypatti (TP)","20CT0305W","Harveypatti (TP) WARD NO.-0005","System","2022-10-15 10:04:26.499928+00","","2022-10-15 10:04:26.499928+00"
"553b06f9-c618-4db6-851c-ce9c59096358","3","Corporation","Zone 3- Central","20MC0169W","Madurai (M Corp.) WARD NO.-0069","System","2022-10-15 10:04:26.501845+00","","2022-10-15 10:04:26.501845+00"
"55f3614c-b6fe-4031-8e5b-cbf4df011fe4","1","Town Panchayat","Viraganur (CT)","20CT2301W","Viraganur (CT) WARD NO.-0001","System","2022-10-15 10:04:26.499928+00","","2022-10-15 10:04:26.499928+00"
"55f6caaa-9b44-4e4c-bafb-b7258f5a1eed","2","Municipality","Usilampatti (M)","20MU0321W","Usilampatti (M) WARD NO.-0021","System","2022-10-15 10:04:26.501845+00","","2022-10-15 10:04:26.501845+00"
"56aa7c1f-c406-48f1-b97e-92b4bbd04c16","1","Town Panchayat","Nilaiyur  (I Bit) (CT)","20CT1101W","Nilaiyur  (I Bit) (CT) WARD NO.-0001","System","2022-10-15 10:04:26.500918+00","","2022-10-15 10:04:26.500918+00"
"575fa6a0-f3b6-4788-9ec2-bdf7de96c8ac","2","Municipality","Thirumangalam (M)","20MU0204W","Thirumangalam (M) WARD NO.-0004","System","2022-10-15 10:04:26.500918+00","","2022-10-15 10:04:26.500918+00"
"578c0b54-4c61-4fe0-949a-ef3adca967ea","1","Town Panchayat","Palamedu (TP)","20TP0515W","Palamedu (TP) WARD NO.-0015","System","2022-10-15 10:04:26.498924+00","","2022-10-15 10:04:26.498924+00"
"57dde066-91b2-4a8c-897d-5805b70155ae","1","Town Panchayat","Vadipatti (TP)","20TP0905W","Vadipatti (TP) WARD NO.-0005","System","2022-10-15 10:04:26.498924+00","","2022-10-15 10:04:26.498924+00"
"5afc469a-0861-4ad5-b800-8dddf098d3a6","2","Municipality","Melur (M)","20MU0107W","Melur (M) WARD NO.-0007","System","2022-10-15 10:04:26.500918+00","","2022-10-15 10:04:26.500918+00"
"5bb2f120-f2c1-4b40-ae60-a539ddca4df5","1","Town Panchayat","Thanakkankulam (CT)","20CT1701W","Thanakkankulam (CT) WARD NO.-0001","System","2022-10-15 10:04:26.500918+00","","2022-10-15 10:04:26.500918+00"
"5c2c0c2f-db51-4451-b286-f188cc1c5770","3","Corporation","Zone 4- South","20MC0130W","Madurai (M Corp.) WARD NO.-0030","System","2022-10-15 10:04:26.501845+00","","2022-10-15 10:04:26.501845+00"
"5c4b0050-9140-47d4-a6c3-a7dab9c9690a","3","Corporation","Zone  1- East","20MC0105W","Madurai (M Corp.) WARD NO.-0005","System","2022-10-15 10:04:26.501845+00","","2022-10-15 10:04:26.501845+00"
"5d2fd2f2-c752-4b01-87ec-c48474e21556","1","Town Panchayat","Thirunagar (TP)","20CT1813W","Thirunagar (TP) WARD NO.-0013","System","2022-10-15 10:04:26.499928+00","","2022-10-15 10:04:26.499928+00"
"5ea2eaa3-130a-439d-a139-ffd854e15465","1","Town Panchayat","Vadipatti (TP)","20TP0918W","Vadipatti (TP) WARD NO.-0018","System","2022-10-15 10:04:26.498924+00","","2022-10-15 10:04:26.498924+00"
"5f446e90-e003-4243-ba52-a8ad3ec2909e","1","Town Panchayat","Vilangudi (TP)","20CT2211W","Vilangudi (TP) WARD NO.-0011","System","2022-10-15 10:04:26.49793+00","","2022-10-15 10:04:26.49793+00"
"604bcaa4-afdb-4c68-b3e3-02b5367b1430","1","Town Panchayat","A.Vellalapatti (TP)","20TP0105W","A.Vellalapatti (TP) WARD NO.-0005","System","2022-10-15 10:04:26.49793+00","","2022-10-15 10:04:26.49793+00"
"6052fc29-a63b-4fc8-9312-903b69f141cf","1","Town Panchayat","Harveypatti (TP)","20CT0302W","Harveypatti (TP) WARD NO.-0002","System","2022-10-15 10:04:26.499928+00","","2022-10-15 10:04:26.499928+00"
"6082f869-fd99-40b5-9270-ffcc617fabac","2","Municipality","Usilampatti (M)","20MU0304W","Usilampatti (M) WARD NO.-0004","System","2022-10-15 10:04:26.500918+00","","2022-10-15 10:04:26.500918+00"
"60971bbc-b2c6-4662-8dac-3d1b67b0413e","3","Corporation","Zone  1- East","20MC0104W","Madurai (M Corp.) WARD NO.-0004","System","2022-10-15 10:04:26.501845+00","","2022-10-15 10:04:26.501845+00"
"6220a4b9-1823-4f76-aa7e-578d4967d39e","1","Town Panchayat","T.Kallupatti (TP)","20TP0809W","T.Kallupatti (TP) WARD NO.-0008","System","2022-10-15 10:04:26.499928+00","","2022-10-15 10:04:26.499928+00"
"630f8ac0-d49e-4c18-b081-e3cbd833c13e","1","Town Panchayat","Elumalai (TP)","20TP0306W","Elumalai (TP) WARD NO.-0006","System","2022-10-15 10:04:26.498924+00","","2022-10-15 10:04:26.498924+00"
"6342deae-2ea1-434d-8b7d-f8fc3c150a4b","1","Town Panchayat","Palamedu (TP)","20TP0406W","Palamedu (TP) WARD NO.-0006","System","2022-10-15 10:04:26.498924+00","","2022-10-15 10:04:26.498924+00"
"640507d3-6d89-4aca-ad53-0aceb80b6f9f","1","Town Panchayat","Vadipatti (TP)","20TP0916W","Vadipatti (TP) WARD NO.-0016","System","2022-10-15 10:04:26.498924+00","","2022-10-15 10:04:26.498924+00"
"64392605-6c9c-43ac-aaca-fc8f6d2830d9","1","Town Panchayat","Paravai (TP)","20TP0511W","Paravai (TP) WARD NO.-0011","System","2022-10-15 10:04:26.49793+00","","2022-10-15 10:04:26.49793+00"
"64fcfafc-e984-4bc1-bbb0-33be0a4be579","2","Municipality","Thirumangalam (M)","20MU0219W","Thirumangalam (M) WARD NO.-0019","System","2022-10-15 10:04:26.500918+00","","2022-10-15 10:04:26.500918+00"
"6507b8ae-06be-4f09-b97f-2b0022cba5e5","3","Corporation","Zone  1- East","20MC0113W","Madurai (M Corp.) WARD NO.-0013","System","2022-10-15 10:04:26.501845+00","","2022-10-15 10:04:26.501845+00"
"6548a2e0-03e3-44d9-af9e-6ae9cfec1767","3","Corporation","Zone 2-  North","20MC0135W","Madurai (M Corp.) WARD NO.-0035","System","2022-10-15 10:04:26.501845+00","","2022-10-15 10:04:26.501845+00"
"654a9d5f-ec28-494b-9d3b-b15c12f6da2e","1","Town Panchayat","Harveypatti (TP)","20CT0303W","Harveypatti (TP) WARD NO.-0003","System","2022-10-15 10:04:26.499928+00","","2022-10-15 10:04:26.499928+00"
"674abf33-4a79-4f65-929b-64e634b271a4","1","Town Panchayat","Alanganallur (TP)","20TP0207W","Alanganallur (TP) WARD NO.-0007","System","2022-10-15 10:04:26.498924+00","","2022-10-15 10:04:26.498924+00"
"674e98a7-b511-4b0b-ba69-2ae86a7bdfd6","1","Town Panchayat","Harveypatti (TP)","20CT0307W","Harveypatti (TP) WARD NO.-0007","System","2022-10-15 10:04:26.499928+00","","2022-10-15 10:04:26.499928+00"
"67eea52d-a85e-4af2-bcd3-c5daf1abd66d","3","Corporation","Zone 2-  North","20MC0115W","Madurai (M Corp.) WARD NO.-0015","System","2022-10-15 10:04:26.501845+00","","2022-10-15 10:04:26.501845+00"
"68a49da3-ec0c-43e6-ac4d-9a6be6657f70","3","Corporation","Zone 3- Central","20MC0152W","Madurai (M Corp.) WARD NO.-0052","System","2022-10-15 10:04:26.501845+00","","2022-10-15 10:04:26.501845+00"
"68d4feef-60ad-4323-9d4a-684f2af8cfb3","3","Corporation","Zone 4- South","20MC0129W","Madurai (M Corp.) WARD NO.-0029","System","2022-10-15 10:04:26.501845+00","","2022-10-15 10:04:26.501845+00"
"68d9b1ec-828b-41b2-a44c-77fa243945fb","1","Town Panchayat","Vadipatti (TP)","20TP0914W","Vadipatti (TP) WARD NO.-0014","System","2022-10-15 10:04:26.498924+00","","2022-10-15 10:04:26.498924+00"
"69533c5d-c4ba-4eb8-ae10-216a0b975818","2","Municipality","Usilampatti (M)","20MU0317W","Usilampatti (M) WARD NO.-0017","System","2022-10-15 10:04:26.501845+00","","2022-10-15 10:04:26.501845+00"
"6bcab0fc-e142-4f92-aed3-c8c745315b62","1","Town Panchayat","A.Vellalapatti (TP)","20TP0104W","A.Vellalapatti (TP) WARD NO.-0004","System","2022-10-15 10:04:26.49793+00","","2022-10-15 10:04:26.49793+00"
"6be42c44-dc7c-4ac7-b9d0-7d66d7f57f6b","1","Town Panchayat","Harveypatti (TP)","20CT0313W","Harveypatti (TP) WARD NO.-0013","System","2022-10-15 10:04:26.499928+00","","2022-10-15 10:04:26.499928+00"
"6d162ab4-9e9f-4036-8b55-dd269efa1d98","3","Corporation","Zone 2-  North","20MC0132W","Madurai (M Corp.) WARD NO.-0032","System","2022-10-15 10:04:26.501845+00","","2022-10-15 10:04:26.501845+00"
"6e3607f1-389c-44d0-b225-acb3418a0260","3","Corporation","Zone 2-  North","20MC0126W","Madurai (M Corp.) WARD NO.-0026","System","2022-10-15 10:04:26.501845+00","","2022-10-15 10:04:26.501845+00"
"6ef8f013-aa64-4d0c-94aa-025d3b06bf1c","3","Corporation","Zone 3- Central","20MC0161W","Madurai (M Corp.) WARD NO.-0061","System","2022-10-15 10:04:26.501845+00","","2022-10-15 10:04:26.501845+00"
"6f7fd143-678d-4bb2-bf9c-92013add8606","2","Municipality","Usilampatti (M)","20MU0324W","Usilampatti (M) WARD NO.-0024","System","2022-10-15 10:04:26.501845+00","","2022-10-15 10:04:26.501845+00"
"7068eace-c9a3-4ada-be35-0e9435aeab00","1","Town Panchayat","Peraiyur (TP)","20TP0607W","Peraiyur (TP) WARD NO.-0007","System","2022-10-15 10:04:26.499928+00","","2022-10-15 10:04:26.499928+00"
"7170550c-3d5c-48a3-8f9c-73578d001a1d","1","Town Panchayat","T.Kallupatti (TP)","20TP0803W","T.Kallupatti (TP) WARD NO.-0002","System","2022-10-15 10:04:26.499928+00","","2022-10-15 10:04:26.499928+00"
"71e62e44-032c-4ce1-8790-2b59d1596082","1","Town Panchayat","Palamedu (TP)","20TP0514W","Palamedu (TP) WARD NO.-0014","System","2022-10-15 10:04:26.498924+00","","2022-10-15 10:04:26.498924+00"
"73179fbc-e902-466a-8f11-56f2802f9f22","1","Town Panchayat","Vilangudi (TP)","20CT2206W","Vilangudi (TP) WARD NO.-0006","System","2022-10-15 10:04:26.49793+00","","2022-10-15 10:04:26.49793+00"
"73a4deb3-cf82-4ef2-8f12-275e34d8409c","3","Corporation","Zone 3- Central","20MC0159W","Madurai (M Corp.) WARD NO.-0059","System","2022-10-15 10:04:26.501845+00","","2022-10-15 10:04:26.501845+00"
"73bb89c3-1dc7-4426-afba-69626c833d69","1","Town Panchayat","Palamedu (TP)","20TP0507W","Palamedu (TP) WARD NO.-0007","System","2022-10-15 10:04:26.498924+00","","2022-10-15 10:04:26.498924+00"
"73f8db27-c42e-478e-8f90-d7d4fc196065","3","Corporation","Zone 5- West","20MC0199W","Madurai (M Corp.) WARD NO.-0099","System","2022-10-15 10:04:26.502928+00","","2022-10-15 10:04:26.502928+00"
"751c1ec5-8923-4e3b-8e84-985376df2b72","2","Municipality","Usilampatti (M)","20MU0302W","Usilampatti (M) WARD NO.-0002","System","2022-10-15 10:04:26.500918+00","","2022-10-15 10:04:26.500918+00"
"75769a5e-86c0-4712-9ab7-0f908a46d4fc","3","Corporation","Zone 2-  North","20MC0165W","Madurai (M Corp.) WARD NO.-0065","System","2022-10-15 10:04:26.501845+00","","2022-10-15 10:04:26.501845+00"
"75c7cf00-2dad-4fbf-8684-11851d0d82ad","1","Town Panchayat","Paravai (TP)","20TP0510W","Paravai (TP) WARD NO.-0010","System","2022-10-15 10:04:26.49793+00","","2022-10-15 10:04:26.49793+00"
"769d7120-1ec0-4cc3-971a-fc5d5a0c8844","1","Town Panchayat","A.Vellalapatti (TP)","20TP01010W","A.Vellalapatti (TP) WARD NO.-0010","System","2022-10-15 10:04:26.49793+00","","2022-10-15 10:04:26.49793+00"
"77273442-45fb-4149-9217-2c3f78d1fd86","1","Town Panchayat","Peraiyur (TP)","20TP0608W","Peraiyur (TP) WARD NO.-0008","System","2022-10-15 10:04:26.499928+00","","2022-10-15 10:04:26.499928+00"
"778a51cc-942f-4d8c-955b-1cbc58cd4ec0","1","Town Panchayat","Sholavandan (TP)","20TP0714W","Sholavandan (TP) WARD NO.-0014","System","2022-10-15 10:04:26.498924+00","","2022-10-15 10:04:26.498924+00"
"77f86403-7577-486f-8ef4-e3e771392795","2","Municipality","Melur (M)","20MU0108W","Melur (M) WARD NO.-0008","System","2022-10-15 10:04:26.500918+00","","2022-10-15 10:04:26.500918+00"
"7806a9e3-666d-446a-88d1-c7cdd99289c7","1","Town Panchayat","Sholavandan (TP)","20TP0717W","Sholavandan (TP) WARD NO.-0017","System","2022-10-15 10:04:26.498924+00","","2022-10-15 10:04:26.498924+00"
"790de912-6f90-4f70-a125-2612c0e31e13","1","Town Panchayat","Thirunagar (TP)","20CT1814W","Thirunagar (TP) WARD NO.-0014","System","2022-10-15 10:04:26.499928+00","","2022-10-15 10:04:26.499928+00"
"79dbd4fd-3e6c-4456-8ffa-e0e3052f5ce8","1","Town Panchayat","Elumalai (TP)","20TP0310W","Elumalai (TP) WARD NO.-0010","System","2022-10-15 10:04:26.499928+00","","2022-10-15 10:04:26.499928+00"
"79ea008f-f35e-4c10-89ab-15bf790bd879","3","Corporation","Zone  1- East","20MC0112W","Madurai (M Corp.) WARD NO.-0012","System","2022-10-15 10:04:26.501845+00","","2022-10-15 10:04:26.501845+00"
"7a79dc5d-68c8-43f4-8bfd-c3e16c0e353c","1","Town Panchayat","Samayanallur (CT)","20CT2301W","Samayanallur (CT) WARD NO.-0001","System","2022-10-15 10:04:26.49793+00","","2022-10-15 10:04:26.49793+00"
"7b5fff5f-e194-4341-98a2-89003720d555","1","Town Panchayat","Kannanendal (CT)","20CT0501W","Kannanendal (CT) WARD NO.-0001","System","2022-10-15 10:04:26.49793+00","","2022-10-15 10:04:26.49793+00"
"7c70703f-c2a4-44f2-829c-433ce08a16c3","1","Town Panchayat","T.Kallupatti (TP)","20TP0807W","T.Kallupatti (TP) WARD NO.-0006","System","2022-10-15 10:04:26.499928+00","","2022-10-15 10:04:26.499928+00"
"7cc00c93-d3a8-4bb0-9644-cddffe9f94ca","2","Municipality","Usilampatti (M)","20MU0322W","Usilampatti (M) WARD NO.-0022","System","2022-10-15 10:04:26.501845+00","","2022-10-15 10:04:26.501845+00"
"7e5042d6-fb84-4f05-bcc3-538803985e00","1","Town Panchayat","Elumalai (TP)","20TP0305W","Elumalai (TP) WARD NO.-0005","System","2022-10-15 10:04:26.498924+00","","2022-10-15 10:04:26.498924+00"
"7f0b3951-ae22-4d83-a23b-c3534a26b7ad","1","Town Panchayat","Sholavandan (TP)","20TP0715W","Sholavandan (TP) WARD NO.-0015","System","2022-10-15 10:04:26.498924+00","","2022-10-15 10:04:26.498924+00"
"8013df61-7f79-43bf-9065-6c79494b1c99","1","Town Panchayat","Alanganallur (TP)","20TP0208W","Alanganallur (TP) WARD NO.-0008","System","2022-10-15 10:04:26.498924+00","","2022-10-15 10:04:26.498924+00"
"807db1e2-22dd-4f2f-8c7b-7b36ea0c4df5","1","Town Panchayat","T.Kallupatti (TP)","20TP0812W","T.Kallupatti (TP) WARD NO.-0011","System","2022-10-15 10:04:26.499928+00","","2022-10-15 10:04:26.499928+00"
"80906ee0-6b1b-4bd2-8bdd-7ddb998cb328","1","Town Panchayat","Paravai (TP)","20TP0505W","Paravai (TP) WARD NO.-0005","System","2022-10-15 10:04:26.49793+00","","2022-10-15 10:04:26.49793+00"
"80bec5c7-c58b-4ae6-83db-9f446869b97a","3","Corporation","Zone 2-  North","20MC0128W","Madurai (M Corp.) WARD NO.-0028","System","2022-10-15 10:04:26.501845+00","","2022-10-15 10:04:26.501845+00"
"80facc0e-5d76-44dc-aaea-3bd3916469b6","3","Corporation","Zone 4- South","20MC0146W","Madurai (M Corp.) WARD NO.-0046","System","2022-10-15 10:04:26.501845+00","","2022-10-15 10:04:26.501845+00"
"816fac01-a2ee-4dc2-b3a2-dbbe472d244c","3","Corporation","Zone 2-  North","20MC0125W","Madurai (M Corp.) WARD NO.-0025","System","2022-10-15 10:04:26.501845+00","","2022-10-15 10:04:26.501845+00"
"81b005bc-088e-4867-a5f1-5c01006dea7b","1","Town Panchayat","Alanganallur (TP)","20TP02014W","Alanganallur (TP) WARD NO.-0014","System","2022-10-15 10:04:26.498924+00","","2022-10-15 10:04:26.498924+00"
"81e6abd3-2af1-4fef-9a9b-2d8350abbdf5","3","Corporation","Zone  1- East","20MC0137W","Madurai (M Corp.) WARD NO.-0037","System","2022-10-15 10:04:26.501845+00","","2022-10-15 10:04:26.501845+00"
"82712544-d992-4954-b7b4-f499ba522d96","1","Town Panchayat","A.Vellalapatti (TP)","20TP01014W","A.Vellalapatti (TP) WARD NO.-0014","System","2022-10-15 10:04:26.49793+00","","2022-10-15 10:04:26.49793+00"
"82b87baa-6ec2-4f2a-ae22-8403bde9d3bf","3","Corporation","Zone 5- West","20MC0183W","Madurai (M Corp.) WARD NO.-0083","System","2022-10-15 10:04:26.502928+00","","2022-10-15 10:04:26.502928+00"
"82e8a120-6ae0-4f45-baba-842d6d01f818","3","Corporation","Zone 3- Central","20MC0155W","Madurai (M Corp.) WARD NO.-0055","System","2022-10-15 10:04:26.501845+00","","2022-10-15 10:04:26.501845+00"
"836c3648-bf5f-4f99-b713-d13777bc1552","3","Corporation","Zone 3- Central","20MC0176W","Madurai (M Corp.) WARD NO.-0076","System","2022-10-15 10:04:26.501845+00","","2022-10-15 10:04:26.501845+00"
"843ce988-2487-4811-a48c-70b738f2ced4","1","Town Panchayat","Palamedu (TP)","20TP0405W","Palamedu (TP) WARD NO.-0005","System","2022-10-15 10:04:26.498924+00","","2022-10-15 10:04:26.498924+00"
"858de127-518a-4c08-aa50-304fce3ad032","1","Town Panchayat","Paravai (TP)","20TP0509W","Paravai (TP) WARD NO.-0009","System","2022-10-15 10:04:26.49793+00","","2022-10-15 10:04:26.49793+00"
"8615df5f-4691-46db-87c4-d8e29293f784","1","Town Panchayat","Peraiyur (TP)","20TP0612W","Peraiyur (TP) WARD NO.-0012","System","2022-10-15 10:04:26.499928+00","","2022-10-15 10:04:26.499928+00"
"8625be34-cff5-4c8b-a90b-b803ac95da38","1","Town Panchayat","Nagavakulam (CT)","20CT0901W","Nagavakulam (CT) WARD NO.-0001","System","2022-10-15 10:04:26.49793+00","","2022-10-15 10:04:26.49793+00"
"86c91f99-b7a7-495d-b68d-f886a21851e5","1","Town Panchayat","Paravai (TP)","20TP0513W","Paravai (TP) WARD NO.-0013","System","2022-10-15 10:04:26.49793+00","","2022-10-15 10:04:26.49793+00"
"87209ae2-2549-4c83-a35c-1eaae7913a9b","1","Town Panchayat","Alanganallur (TP)","20TP0203W","Alanganallur (TP) WARD NO.-0003","System","2022-10-15 10:04:26.498924+00","","2022-10-15 10:04:26.498924+00"
"87c460c1-8298-4dad-bbb2-081e3b15831a","1","Town Panchayat","Harveypatti (TP)","20CT0311W","Harveypatti (TP) WARD NO.-0011","System","2022-10-15 10:04:26.499928+00","","2022-10-15 10:04:26.499928+00"
"8813b14d-acda-44ba-8f6d-8706b66bd10c","3","Corporation","Zone 2-  North","20MC0124W","Madurai (M Corp.) WARD NO.-0024","System","2022-10-15 10:04:26.501845+00","","2022-10-15 10:04:26.501845+00"
"88881c2f-ec63-4418-9ce5-f76ed40a41e3","1","Town Panchayat","Alanganallur (TP)","20TP0202W","Alanganallur (TP) WARD NO.-0002","System","2022-10-15 10:04:26.498924+00","","2022-10-15 10:04:26.498924+00"
"88d50f0e-0263-4fb3-9e20-1871fdf1fe50","1","Town Panchayat","Sholavandan (TP)","20TP0710W","Sholavandan (TP) WARD NO.-0010","System","2022-10-15 10:04:26.498924+00","","2022-10-15 10:04:26.498924+00"
"8a1f3905-bd72-4d3a-9b6b-900f92a9103a","3","Corporation","Zone 5- West","20MC0181W","Madurai (M Corp.) WARD NO.-0081","System","2022-10-15 10:04:26.502928+00","","2022-10-15 10:04:26.502928+00"
"8a588a80-f08f-4d01-a4c9-e1daaa741c86","2","Municipality","Usilampatti (M)","20MU0318W","Usilampatti (M) WARD NO.-0018","System","2022-10-15 10:04:26.501845+00","","2022-10-15 10:04:26.501845+00"
"8b6c319b-823a-491f-9ff3-0872764c3855","3","Corporation","Zone 2-  North","20MC0122W","Madurai (M Corp.) WARD NO.-0022","System","2022-10-15 10:04:26.501845+00","","2022-10-15 10:04:26.501845+00"
"8b719466-c434-4494-815c-7733ea702c8c","1","Town Panchayat","Vadipatti (TP)","20TP0907W","Vadipatti (TP) WARD NO.-0007","System","2022-10-15 10:04:26.498924+00","","2022-10-15 10:04:26.498924+00"
"8c0a45a4-f6a1-4dde-9c82-f33a9821a7da","1","Town Panchayat","Elumalai (TP)","20TP0316W","Elumalai (TP) WARD NO.-0016","System","2022-10-15 10:04:26.499928+00","","2022-10-15 10:04:26.499928+00"
"8d5fccd3-b69a-483d-81ac-8cdcbee9640e","1","Town Panchayat","Palamedu (TP)","20TP0511W","Palamedu (TP) WARD NO.-0011","System","2022-10-15 10:04:26.498924+00","","2022-10-15 10:04:26.498924+00"
"8de0a78a-f38c-4c36-9fe6-265e6eb90efd","1","Town Panchayat","A.Vellalapatti (TP)","20TP0109W","A.Vellalapatti (TP) WARD NO.-0009","System","2022-10-15 10:04:26.49793+00","","2022-10-15 10:04:26.49793+00"
"8f77a91d-c8b7-4aad-854f-4f30ea7af434","3","Corporation","Zone 5- West","20MC0174W","Madurai (M Corp.) WARD NO.-0074","System","2022-10-15 10:04:26.502928+00","","2022-10-15 10:04:26.502928+00"
"8fff4a3d-6aff-4a1e-8e13-ff529ddfae57","2","Municipality","Usilampatti (M)","20MU0313W","Usilampatti (M) WARD NO.-0013","System","2022-10-15 10:04:26.500918+00","","2022-10-15 10:04:26.500918+00"
"913e9ac3-9d20-4f33-a512-0a33f98a6e97","3","Corporation","Zone 5- West","20MC0194W","Madurai (M Corp.) WARD NO.-0094","System","2022-10-15 10:04:26.502928+00","","2022-10-15 10:04:26.502928+00"
"9163d009-e482-4948-a618-0f34079adf74","2","Municipality","Thirumangalam (M)","20MU0218W","Thirumangalam (M) WARD NO.-0018","System","2022-10-15 10:04:26.500918+00","","2022-10-15 10:04:26.500918+00"
"91e9a0de-c01d-4a56-bfc8-863fb72760b5","2","Municipality","Melur (M)","20MU0119W","Melur (M) WARD NO.-0018","System","2022-10-15 10:04:26.500918+00","","2022-10-15 10:04:26.500918+00"
"9220d869-de13-40a5-9edd-36281afb848d","3","Corporation","Zone 2-  North","20MC0133W","Madurai (M Corp.) WARD NO.-0033","System","2022-10-15 10:04:26.501845+00","","2022-10-15 10:04:26.501845+00"
"92fb251e-2968-4f09-a9a6-ad46eca504d2","1","Town Panchayat","Thirunagar (TP)","20CT1808W","Thirunagar (TP) WARD NO.-0008","System","2022-10-15 10:04:26.499928+00","","2022-10-15 10:04:26.499928+00"
"948b9e57-0eb2-4974-a54e-f237b485fa9f","1","Town Panchayat","A.Vellalapatti (TP)","20TP0102W","A.Vellalapatti (TP) WARD NO.-0002","System","2022-10-15 10:04:26.49793+00","","2022-10-15 10:04:26.49793+00"
"962e7b6c-97cb-4812-8658-ed3dc8a1cb70","1","Town Panchayat","T.Kallupatti (TP)","20TP0810W","T.Kallupatti (TP) WARD NO.-0009","System","2022-10-15 10:04:26.499928+00","","2022-10-15 10:04:26.499928+00"
"96e50293-71fb-4e67-afaa-bd75fdc76191","1","Town Panchayat","Palamedu (TP)","20TP0403W","Palamedu (TP) WARD NO.-0003","System","2022-10-15 10:04:26.498924+00","","2022-10-15 10:04:26.498924+00"
"984bea35-48e9-4f4c-9574-29016a4c3758","1","Town Panchayat","Sholavandan (TP)","20TP0709W","Sholavandan (TP) WARD NO.-0009","System","2022-10-15 10:04:26.498924+00","","2022-10-15 10:04:26.498924+00"
"9879ad44-7fc5-4c2d-abb0-546ecbe69dbe","2","Municipality","Usilampatti (M)","20MU0314W","Usilampatti (M) WARD NO.-0014","System","2022-10-15 10:04:26.500918+00","","2022-10-15 10:04:26.500918+00"
"98991ef7-f2f4-484a-b190-785a9f09900c","2","Municipality","Usilampatti (M)","20MU0303W","Usilampatti (M) WARD NO.-0003","System","2022-10-15 10:04:26.500918+00","","2022-10-15 10:04:26.500918+00"
"99488e7b-3cd3-476d-9279-9af2f4af38b9","1","Town Panchayat","Othakadai (CT)","20CT1201W","Othakadai (CT) WARD NO.-0001","System","2022-10-15 10:04:26.49793+00","","2022-10-15 10:04:26.49793+00"
"99506f3c-dd85-48ac-8bb7-4baf70c2a928","3","Corporation","Zone 5- West","20MC0171W","Madurai (M Corp.) WARD NO.-0071","System","2022-10-15 10:04:26.502928+00","","2022-10-15 10:04:26.502928+00"
"9a69fe5c-c641-4495-a2f8-db3081952b48","1","Town Panchayat","Sholavandan (TP)","20TP0711W","Sholavandan (TP) WARD NO.-0011","System","2022-10-15 10:04:26.498924+00","","2022-10-15 10:04:26.498924+00"
"9b291bb9-9fd4-4b49-b471-61b33f00bd06","1","Town Panchayat","A.Vellalapatti (TP)","20TP0107W","A.Vellalapatti (TP) WARD NO.-0007","System","2022-10-15 10:04:26.49793+00","","2022-10-15 10:04:26.49793+00"
"9b9bcab7-b998-41e4-ac22-cb99d62bb239","1","Town Panchayat","T.Kallupatti (TP)","20TP0804W","T.Kallupatti (TP) WARD NO.-0003","System","2022-10-15 10:04:26.499928+00","","2022-10-15 10:04:26.499928+00"
"9c7b4615-45c9-4751-b4b8-88476606fc79","1","Town Panchayat","A.Vellalapatti (TP)","20TP0108W","A.Vellalapatti (TP) WARD NO.-0008","System","2022-10-15 10:04:26.49793+00","","2022-10-15 10:04:26.49793+00"
"9cc48d9b-1b5a-4d5a-bad1-e1c54f7526f0","1","Town Panchayat","Thirunagar (TP)","20CT1811W","Thirunagar (TP) WARD NO.-0011","System","2022-10-15 10:04:26.499928+00","","2022-10-15 10:04:26.499928+00"
"9d6e3067-a4d8-4cba-8a86-ade6a0f93324","1","Town Panchayat","A.Vellalapatti (TP)","20TP0106W","A.Vellalapatti (TP) WARD NO.-0006","System","2022-10-15 10:04:26.49793+00","","2022-10-15 10:04:26.49793+00"
"9dc03c78-d180-4c32-a13f-1ac43b6e8122","2","Municipality","Usilampatti (M)","20MU0315W","Usilampatti (M) WARD NO.-0015","System","2022-10-15 10:04:26.501845+00","","2022-10-15 10:04:26.501845+00"
"9e5164f3-369e-47c3-944a-545aceefd307","1","Town Panchayat","Harveypatti (TP)","20CT0314W","Harveypatti (TP) WARD NO.-0014","System","2022-10-15 10:04:26.499928+00","","2022-10-15 10:04:26.499928+00"
"9faccbc9-0287-4855-a6ea-32624a42eed2","2","Municipality","Thirumangalam (M)","20MU0220W","Thirumangalam (M) WARD NO.-0020","System","2022-10-15 10:04:26.500918+00","","2022-10-15 10:04:26.500918+00"
"9ff4ccec-ae95-49a3-aba9-c3bb90c0d465","1","Town Panchayat","T.Kallupatti (TP)","20TP0805W","T.Kallupatti (TP) WARD NO.-0004","System","2022-10-15 10:04:26.499928+00","","2022-10-15 10:04:26.499928+00"
"a08ea892-f2f3-4edc-a1af-03af112500b3","3","Corporation","Zone 2-  North","20MC0120W","Madurai (M Corp.) WARD NO.-0020","System","2022-10-15 10:04:26.501845+00","","2022-10-15 10:04:26.501845+00"
"a0b235b9-7003-4046-a886-cd010a13676c","1","Town Panchayat","Palamedu (TP)","20TP0404W","Palamedu (TP) WARD NO.-0004","System","2022-10-15 10:04:26.498924+00","","2022-10-15 10:04:26.498924+00"
"a182c520-1520-4fee-869c-fb7ebbec1d2e","3","Corporation","Zone 4- South","20MC0148W","Madurai (M Corp.) WARD NO.-0048","System","2022-10-15 10:04:26.501845+00","","2022-10-15 10:04:26.502928+00"
"a1b0d79a-70d8-4213-9e66-016fb208f274","3","Corporation","Zone 4- South","20MC0149W","Madurai (M Corp.) WARD NO.-0049","System","2022-10-15 10:04:26.502928+00","","2022-10-15 10:04:26.502928+00"
"a2b04546-5322-4fb7-a8ee-dc04091d6775","3","Corporation","Zone 5- West","20MC0192W","Madurai (M Corp.) WARD NO.-0092","System","2022-10-15 10:04:26.502928+00","","2022-10-15 10:04:26.502928+00"
"a30da5c0-85ce-42fe-a1b4-c902f817b612","1","Town Panchayat","Peraiyur (TP)","20TP0605W","Peraiyur (TP) WARD NO.-0005","System","2022-10-15 10:04:26.499928+00","","2022-10-15 10:04:26.499928+00"
"a34dffc6-0d2e-4ad6-a422-eef8949acb2b","1","Town Panchayat","Thirunagar (TP)","20CT1810W","Thirunagar (TP) WARD NO.-0010","System","2022-10-15 10:04:26.499928+00","","2022-10-15 10:04:26.499928+00"
"a4a6986c-1283-44a2-8db8-813311b25247","2","Municipality","Thirumangalam (M)","20MU0206W","Thirumangalam (M) WARD NO.-0006","System","2022-10-15 10:04:26.500918+00","","2022-10-15 10:04:26.500918+00"
"a5326876-ca6a-4624-8c0c-20aabac8cec7","2","Municipality","Thirumangalam (M)","20MU0225W","Thirumangalam (M) WARD NO.-0025","System","2022-10-15 10:04:26.500918+00","","2022-10-15 10:04:26.500918+00"
"a66fd2cb-18d2-4fd3-bc69-626a53388d21","1","Town Panchayat","Arumbanur (CT)","20CT0101W","Arumbanur (CT) WARD NO.-0001","System","2022-10-15 10:04:26.49793+00","","2022-10-15 10:04:26.49793+00"
"a7ff8244-70ed-45cd-92c7-b094cc905baf","1","Town Panchayat","Sholavandan (TP)","20TP0718W","Sholavandan (TP) WARD NO.-0018","System","2022-10-15 10:04:26.498924+00","","2022-10-15 10:04:26.498924+00"
"a86fa01d-0d31-4634-a155-0594045daa01","1","Town Panchayat","Sholavandan (TP)","20TP0712W","Sholavandan (TP) WARD NO.-0012","System","2022-10-15 10:04:26.498924+00","","2022-10-15 10:04:26.498924+00"
"a8a12f24-b457-4d7f-b65f-8c4f91423635","1","Town Panchayat","Paravai (TP)","20TP0515W","Paravai (TP) WARD NO.-0015","System","2022-10-15 10:04:26.49793+00","","2022-10-15 10:04:26.49793+00"
"a8ef1530-8ed9-494e-8adc-b35ec3617db6","3","Corporation","Zone 4- South","20MC0188W","Madurai (M Corp.) WARD NO.-0088","System","2022-10-15 10:04:26.502928+00","","2022-10-15 10:04:26.502928+00"
"ab3b7e05-9767-45cf-b940-825dd3671425","1","Town Panchayat","Samanatham (CT)","20CT1401W","Samanatham (CT) WARD NO.-0001","System","2022-10-15 10:04:26.500918+00","","2022-10-15 10:04:26.500918+00"
"aba6c007-0d16-4858-9582-6ab3f5163506","1","Town Panchayat","Nagamalaipudukottai (CT)","20CT0801W","Nagamalaipudukottai (CT) WARD NO.-0001","System","2022-10-15 10:04:26.499928+00","","2022-10-15 10:04:26.499928+00"
"acb35f29-bf69-44b5-8333-d7e8257b0994","2","Municipality","Usilampatti (M)","20MU0323W","Usilampatti (M) WARD NO.-0023","System","2022-10-15 10:04:26.501845+00","","2022-10-15 10:04:26.501845+00"
"ad75320a-a743-4b1a-80be-b0d82f235ec9","2","Municipality","Usilampatti (M)","20MU0307W","Usilampatti (M) WARD NO.-0007","System","2022-10-15 10:04:26.500918+00","","2022-10-15 10:04:26.500918+00"
"ae1ec3ba-2522-4dab-8246-c86aeb12c8af","1","Town Panchayat","Alanganallur (TP)","20TP0201W","Alanganallur (TP) WARD NO.-0001","System","2022-10-15 10:04:26.498924+00","","2022-10-15 10:04:26.498924+00"
"b1c8939d-9381-4e59-9e75-34c7b6d062ef","1","Town Panchayat","Elumalai (TP)","20TP0304W","Elumalai (TP) WARD NO.-0004","System","2022-10-15 10:04:26.498924+00","","2022-10-15 10:04:26.498924+00"
"b22a3d46-7074-4791-8543-2c37cd6e0fd4","2","Municipality","Melur (M)","20MU0110W","Melur (M) WARD NO.-0010","System","2022-10-15 10:04:26.500918+00","","2022-10-15 10:04:26.500918+00"
"b2c8e962-29f3-4a77-8de5-bef526756423","1","Town Panchayat","Thirunagar (TP)","20CT1809W","Thirunagar (TP) WARD NO.-0009","System","2022-10-15 10:04:26.499928+00","","2022-10-15 10:04:26.499928+00"
"b4160546-c668-46d1-8a19-b0bb08fba8ef","3","Corporation","Zone 4- South","20MC0145W","Madurai (M Corp.) WARD NO.-0045","System","2022-10-15 10:04:26.501845+00","","2022-10-15 10:04:26.501845+00"
"b4e0930e-ed13-4621-9702-b22d52bfd1c5","2","Municipality","Thirumangalam (M)","20MU0205W","Thirumangalam (M) WARD NO.-0005","System","2022-10-15 10:04:26.500918+00","","2022-10-15 10:04:26.500918+00"
"b72172ce-0a6e-42f7-8ab0-56230617675c","1","Town Panchayat","Sholavandan (TP)","20TP0716W","Sholavandan (TP) WARD NO.-0016","System","2022-10-15 10:04:26.498924+00","","2022-10-15 10:04:26.498924+00"
"b7fcaddd-f9f0-4db9-8a15-c79d602a134f","1","Town Panchayat","Vilangudi (TP)","20CT2204W","Vilangudi (TP) WARD NO.-0004","System","2022-10-15 10:04:26.49793+00","","2022-10-15 10:04:26.49793+00"
"b89d4152-0d5c-4115-815c-5281a0d4a350","1","Town Panchayat","Harveypatti (TP)","20CT0312W","Harveypatti (TP) WARD NO.-0012","System","2022-10-15 10:04:26.499928+00","","2022-10-15 10:04:26.499928+00"
"b912bf4c-6112-49e8-a18e-7334ffbdedac","2","Municipality","Thirumangalam (M)","20MU0213W","Thirumangalam (M) WARD NO.-0013","System","2022-10-15 10:04:26.500918+00","","2022-10-15 10:04:26.500918+00"
"b91fb906-7364-49a6-9212-96afe4368061","3","Corporation","Zone  1- East","20MC0117W","Madurai (M Corp.) WARD NO.-0017","System","2022-10-15 10:04:26.501845+00","","2022-10-15 10:04:26.501845+00"
"b925b048-26c6-4316-b901-04dd4c6844a6","1","Town Panchayat","Paravai (TP)","20TP0512W","Paravai (TP) WARD NO.-0012","System","2022-10-15 10:04:26.49793+00","","2022-10-15 10:04:26.49793+00"
"b92d1682-153c-4f58-a22e-9e5a1181f76e","1","Town Panchayat","Vilangudi (TP)","20CT2207W","Vilangudi (TP) WARD NO.-0007","System","2022-10-15 10:04:26.49793+00","","2022-10-15 10:04:26.49793+00"
"b9cd6109-3823-431e-bbc2-76f470e9b799","2","Municipality","Melur (M)","20MU0103W","Melur (M) WARD NO.-0003","System","2022-10-15 10:04:26.500918+00","","2022-10-15 10:04:26.500918+00"
"ba09f786-2f91-49a0-b9c6-a4df46610da1","1","Town Panchayat","Peraiyur (TP)","20TP0602W","Peraiyur (TP) WARD NO.-0002","System","2022-10-15 10:04:26.499928+00","","2022-10-15 10:04:26.499928+00"
"bae076ab-176f-4543-9249-d517c8a68bc2","1","Town Panchayat","Sholavandan (TP)","20TP0705W","Sholavandan (TP) WARD NO.-0005","System","2022-10-15 10:04:26.498924+00","","2022-10-15 10:04:26.498924+00"
"baf6cb11-1418-4635-b6a1-d41950158db1","1","Town Panchayat","Peraiyur (TP)","20TP0601W","Peraiyur (TP) WARD NO.-0001","System","2022-10-15 10:04:26.499928+00","","2022-10-15 10:04:26.499928+00"
"bb85329f-0771-4f6e-b44b-dd46b073dbb8","1","Town Panchayat","T.Kallupatti (TP)","20TP0814W","T.Kallupatti (TP) WARD NO.-0013","System","2022-10-15 10:04:26.499928+00","","2022-10-15 10:04:26.499928+00"
"bcc884ec-89e5-415f-a936-73014d91a614","1","Town Panchayat","Paravai (TP)","20TP0507W","Paravai (TP) WARD NO.-0007","System","2022-10-15 10:04:26.49793+00","","2022-10-15 10:04:26.49793+00"
"bfa36604-902d-491f-9b62-41ad4a5d6d80","2","Municipality","Thirumangalam (M)","20MU0211W","Thirumangalam (M) WARD NO.-0011","System","2022-10-15 10:04:26.500918+00","","2022-10-15 10:04:26.500918+00"
"bfcbd2fb-03a6-4a24-b1a0-20315ad58375","1","Town Panchayat","Peraiyur (TP)","20TP0613W","Peraiyur (TP) WARD NO.-0013","System","2022-10-15 10:04:26.499928+00","","2022-10-15 10:04:26.499928+00"
"c0831208-38a3-4006-b150-b7aed6ca85c6","1","Town Panchayat","Peraiyur (TP)","20TP0603W","Peraiyur (TP) WARD NO.-0003","System","2022-10-15 10:04:26.499928+00","","2022-10-15 10:04:26.499928+00"
"c13ef9fd-f835-4791-910c-1e0abdd4843a","3","Corporation","Zone 4- South","20MC0142W","Madurai (M Corp.) WARD NO.-0042","System","2022-10-15 10:04:26.501845+00","","2022-10-15 10:04:26.501845+00"
"c1c1cdd3-985b-48c0-be8f-dd86181de0b9","2","Municipality","Melur (M)","20MU0104W","Melur (M) WARD NO.-0004","System","2022-10-15 10:04:26.500918+00","","2022-10-15 10:04:26.500918+00"
"c1fa238f-0e20-4355-9ef7-33cfcb267155","1","Town Panchayat","A.Vellalapatti (TP)","20TP0103W","A.Vellalapatti (TP) WARD NO.-0003","System","2022-10-15 10:04:26.49793+00","","2022-10-15 10:04:26.49793+00"
"c230d246-08e2-4ae0-9e7f-59f92e742f82","2","Municipality","Melur (M)","20MU0113W","Melur (M) WARD NO.-0012","System","2022-10-15 10:04:26.500918+00","","2022-10-15 10:04:26.500918+00"
"c2cee579-815f-42ef-b17c-eda82ad3a4de","1","Town Panchayat","Elumalai (TP)","20TP0311W","Elumalai (TP) WARD NO.-0011","System","2022-10-15 10:04:26.499928+00","","2022-10-15 10:04:26.499928+00"
"c5b9725e-7dc4-46d0-a566-b20b78f3f99a","3","Corporation","Zone  1- East","20MC0140W","Madurai (M Corp.) WARD NO.-0040","System","2022-10-15 10:04:26.501845+00","","2022-10-15 10:04:26.501845+00"
"c6c2abd5-a487-49bf-a9f4-f68e1a190cc5","1","Town Panchayat","Thirunagar (TP)","20CT1804W","Thirunagar (TP) WARD NO.-0004","System","2022-10-15 10:04:26.499928+00","","2022-10-15 10:04:26.499928+00"
"c6d8bdcb-5363-4e38-8879-89da42742da4","3","Corporation","Zone 3- Central","20MC0160W","Madurai (M Corp.) WARD NO.-0060","System","2022-10-15 10:04:26.501845+00","","2022-10-15 10:04:26.501845+00"
"c7e450bd-b1f2-4b4d-8c91-17ecf3de6a5e","1","Town Panchayat","Paravai (TP)","20TP0506W","Paravai (TP) WARD NO.-0006","System","2022-10-15 10:04:26.49793+00","","2022-10-15 10:04:26.49793+00"
"c829874f-b8e9-4427-8c0f-f86a2534c9f8","3","Corporation","Zone 3- Central","20MC0170W","Madurai (M Corp.) WARD NO.-0070","System","2022-10-15 10:04:26.501845+00","","2022-10-15 10:04:26.501845+00"
"c9136f99-fa72-4005-833a-49dd56c6033c","1","Town Panchayat","Thiruppalai (CT)","20CT1901W","Thiruppalai (CT) WARD NO.-0001","System","2022-10-15 10:04:26.49793+00","","2022-10-15 10:04:26.49793+00"
"c9701fa7-a085-4529-88bd-d03ccecb187b","1","Town Panchayat","Peraiyur (TP)","20TP0610W","Peraiyur (TP) WARD NO.-0010","System","2022-10-15 10:04:26.499928+00","","2022-10-15 10:04:26.499928+00"
"ca73e918-954f-408c-84ad-9ea8a1d809e8","3","Corporation","Zone 4- South","20MC0187W","Madurai (M Corp.) WARD NO.-0087","System","2022-10-15 10:04:26.502928+00","","2022-10-15 10:04:26.502928+00"
"ca809b86-2757-40e4-aa1b-038017756e05","1","Town Panchayat","Vadipatti (TP)","20TP0913W","Vadipatti (TP) WARD NO.-0013","System","2022-10-15 10:04:26.498924+00","","2022-10-15 10:04:26.498924+00"
"cc43b30f-eed5-4efb-add9-d187058d6fba","1","Town Panchayat","Elumalai (TP)","20TP0302W","Elumalai (TP) WARD NO.-0002","System","2022-10-15 10:04:26.498924+00","","2022-10-15 10:04:26.498924+00"
"ccd38a0a-0b0c-4865-97e1-95655fd64edf","2","Municipality","Thirumangalam (M)","20MU0214W","Thirumangalam (M) WARD NO.-0014","System","2022-10-15 10:04:26.500918+00","","2022-10-15 10:04:26.500918+00"
"cf294fcf-779e-4580-a686-8292d51b1b5c","1","Town Panchayat","Paravai (TP)","20TP0502W","Paravai (TP) WARD NO.-0002","System","2022-10-15 10:04:26.49793+00","","2022-10-15 10:04:26.49793+00"
"d09c92f1-d83d-45d3-bd7d-3cc6c4d42b1b","1","Town Panchayat","Elumalai (TP)","20TP0301W","Elumalai (TP) WARD NO.-0001","System","2022-10-15 10:04:26.498924+00","","2022-10-15 10:04:26.498924+00"
"d1b68885-2382-401b-9d4a-f211d0ce1a70","2","Municipality","Usilampatti (M)","20MU0312W","Usilampatti (M) WARD NO.-0012","System","2022-10-15 10:04:26.500918+00","","2022-10-15 10:04:26.500918+00"
"d1d23783-f528-4f38-a758-8bb230a40915","2","Municipality","Melur (M)","20MU0126W","Melur (M) WARD NO.-0025","System","2022-10-15 10:04:26.500918+00","","2022-10-15 10:04:26.500918+00"
"d20cc442-0bcb-4a84-a752-88851fdc0dae","2","Municipality","Thirumangalam (M)","20MU0226W","Thirumangalam (M) WARD NO.-0026","System","2022-10-15 10:04:26.500918+00","","2022-10-15 10:04:26.500918+00"
"d234dca4-037b-4a55-9bd7-64641999a5a5","1","Town Panchayat","Alanganallur (TP)","20TP0204W","Alanganallur (TP) WARD NO.-0004","System","2022-10-15 10:04:26.498924+00","","2022-10-15 10:04:26.498924+00"
"d2ba78e5-5dda-4020-a9ec-6642e4dc3a91","2","Municipality","Thirumangalam (M)","20MU0224W","Thirumangalam (M) WARD NO.-0024","System","2022-10-15 10:04:26.500918+00","","2022-10-15 10:04:26.500918+00"
"d2be0d51-64e1-404d-9a8d-cbbe530a18f5","1","Town Panchayat","Vandiyur (CT)","20CT2001W","Vandiyur (CT) WARD NO.-0001","System","2022-10-15 10:04:26.49793+00","","2022-10-15 10:04:26.49793+00"
"d310e94b-9069-4ca5-b41e-3c163f8b0af8","3","Corporation","Zone 4- South","20MC0190W","Madurai (M Corp.) WARD NO.-0090","System","2022-10-15 10:04:26.502928+00","","2022-10-15 10:04:26.502928+00"
"d392bbdb-d873-413e-99b5-5d13ca61fdc0","3","Corporation","Zone  1- East","20MC0103W","Madurai (M Corp.) WARD NO.-0003","System","2022-10-15 10:04:26.501845+00","","2022-10-15 10:04:26.501845+00"
"d4544660-36f1-4a59-9385-64a29045cdf3","3","Corporation","Zone 5- West","20MC0179W","Madurai (M Corp.) WARD NO.-0079","System","2022-10-15 10:04:26.502928+00","","2022-10-15 10:04:26.502928+00"
"d4d4f393-0cf2-4c23-b1dc-a527a8fa9fb3","1","Town Panchayat","Harveypatti (TP)","20CT0310W","Harveypatti (TP) WARD NO.-0010","System","2022-10-15 10:04:26.499928+00","","2022-10-15 10:04:26.499928+00"
"d5327d65-796c-4c42-827f-54178d59bda0","2","Municipality","Thirumangalam (M)","20MU0222W","Thirumangalam (M) WARD NO.-0022","System","2022-10-15 10:04:26.500918+00","","2022-10-15 10:04:26.500918+00"
"d5b94056-dccb-42cd-9e4e-d1da9d487517","1","Town Panchayat","Peraiyur (TP)","20TP0611W","Peraiyur (TP) WARD NO.-0011","System","2022-10-15 10:04:26.499928+00","","2022-10-15 10:04:26.499928+00"
"d5e43d4e-b715-4104-80a4-56b4a4cf1631","1","Town Panchayat","Harveypatti (TP)","20CT0308W","Harveypatti (TP) WARD NO.-0008","System","2022-10-15 10:04:26.499928+00","","2022-10-15 10:04:26.499928+00"
"d602f59e-3ee3-4baf-9eea-76aecb332b14","1","Town Panchayat","Elumalai (TP)","20TP0314W","Elumalai (TP) WARD NO.-0014","System","2022-10-15 10:04:26.499928+00","","2022-10-15 10:04:26.499928+00"
"d65a94b8-754c-4be7-afc6-8064f5965eaa","3","Corporation","Zone 5- West","20MC01100W","Madurai (M Corp.) WARD NO.-0100","System","2022-10-15 10:04:26.502928+00","","2022-10-15 10:04:26.502928+00"
"d6811be6-f52c-434a-9780-0bec287150dc","1","Town Panchayat","Sholavandan (TP)","20TP0704W","Sholavandan (TP) WARD NO.-0004","System","2022-10-15 10:04:26.498924+00","","2022-10-15 10:04:26.498924+00"
"d718bfcf-0f68-448d-b995-664af351907d","1","Town Panchayat","Paravai (TP)","20TP0501W","Paravai (TP) WARD NO.-0001","System","2022-10-15 10:04:26.49793+00","","2022-10-15 10:04:26.49793+00"
"d7a18aa7-3dd0-4063-921f-56e2035dfd31","1","Town Panchayat","Palamedu (TP)","20TP0402W","Palamedu (TP) WARD NO.-0002","System","2022-10-15 10:04:26.498924+00","","2022-10-15 10:04:26.498924+00"
"d8b2cf62-9e0c-4467-a850-d090cadca815","3","Corporation","Zone 3- Central","20MC0156W","Madurai (M Corp.) WARD NO.-0056","System","2022-10-15 10:04:26.501845+00","","2022-10-15 10:04:26.501845+00"
"d9c81fad-3d42-41cc-8f8b-fc7a5ff9b8c0","3","Corporation","Zone 5- West","20MC0191W","Madurai (M Corp.) WARD NO.-0091","System","2022-10-15 10:04:26.502928+00","","2022-10-15 10:04:26.502928+00"
"da6a00ff-fab0-4ba9-943b-c4ada54ba060","1","Town Panchayat","Alanganallur (TP)","20TP0209W","Alanganallur (TP) WARD NO.-0009","System","2022-10-15 10:04:26.498924+00","","2022-10-15 10:04:26.498924+00"
"daade366-e1a2-4b88-9e95-c5cb319773b1","3","Corporation","Zone 3- Central","20MC0157W","Madurai (M Corp.) WARD NO.-0057","System","2022-10-15 10:04:26.501845+00","","2022-10-15 10:04:26.501845+00"
"db0c2c0d-7643-48c7-904d-45c091806f20","1","Town Panchayat","Vadipatti (TP)","20TP0915W","Vadipatti (TP) WARD NO.-0015","System","2022-10-15 10:04:26.498924+00","","2022-10-15 10:04:26.498924+00"
"db592df7-0b94-45cd-ac66-be8d8da4de19","3","Corporation","Zone 4- South","20MC0144W","Madurai (M Corp.) WARD NO.-0044","System","2022-10-15 10:04:26.501845+00","","2022-10-15 10:04:26.501845+00"
"dc11b7a3-8093-4811-bcda-9f798b38a5a6","1","Town Panchayat","Palamedu (TP)","20TP0513W","Palamedu (TP) WARD NO.-0013","System","2022-10-15 10:04:26.498924+00","","2022-10-15 10:04:26.498924+00"
"dce812fb-cfb4-4b2e-aa04-77fc29a3fcdb","2","Municipality","Thirumangalam (M)","20MU0227W","Thirumangalam (M) WARD NO.-0027","System","2022-10-15 10:04:26.500918+00","","2022-10-15 10:04:26.500918+00"
"ddabb6e2-4c23-4af8-93b8-f91c738c30e8","3","Corporation","Zone 2-  North","20MC0102W","Madurai (M Corp.) WARD NO.-0002","System","2022-10-15 10:04:26.501845+00","","2022-10-15 10:04:26.501845+00"
"ddcea3ef-cd72-481c-afa7-b1ad3053be66","3","Corporation","Zone 5- West","20MC0196W","Madurai (M Corp.) WARD NO.-0096","System","2022-10-15 10:04:26.502928+00","","2022-10-15 10:04:26.502928+00"
"de44584f-3ed5-495c-8226-830052e34e80","2","Municipality","Thirumangalam (M)","20MU0215W","Thirumangalam (M) WARD NO.-0015","System","2022-10-15 10:04:26.500918+00","","2022-10-15 10:04:26.500918+00"
"de82f29d-6e3b-4a1c-9706-69d4563305e8","1","Town Panchayat","Alanganallur (TP)","20TP02015W","Alanganallur (TP) WARD NO.-0015","System","2022-10-15 10:04:26.498924+00","","2022-10-15 10:04:26.498924+00"
"df44c9a4-8626-49fd-ba0f-1063fe880491","1","Town Panchayat","Elumalai (TP)","20TP0309W","Elumalai (TP) WARD NO.-0009","System","2022-10-15 10:04:26.498924+00","","2022-10-15 10:04:26.498924+00"
"e0520486-e1f8-493b-ac64-bd12398e23dd","1","Town Panchayat","Vadipatti (TP)","20TP0917W","Vadipatti (TP) WARD NO.-0017","System","2022-10-15 10:04:26.498924+00","","2022-10-15 10:04:26.498924+00"
"e25beab1-27c3-4246-8917-5cf380d20cfb","3","Corporation","Zone  1- East","20MC0110W","Madurai (M Corp.) WARD NO.-0010","System","2022-10-15 10:04:26.501845+00","","2022-10-15 10:04:26.501845+00"
"e2a1e5df-2b98-4024-ab14-c43d1a7c72e2","1","Town Panchayat","T.Kallupatti (TP)","20TP0808W","T.Kallupatti (TP) WARD NO.-0007","System","2022-10-15 10:04:26.499928+00","","2022-10-15 10:04:26.499928+00"
"e2e87f37-7438-43bb-89ef-63160eb38cd8","3","Corporation","Zone 3- Central","20MC0175W","Madurai (M Corp.) WARD NO.-0075","System","2022-10-15 10:04:26.501845+00","","2022-10-15 10:04:26.501845+00"
"e41edfa3-0d56-4dd1-bfe9-491ebf6e951b","1","Town Panchayat","Paravai (TP)","20TP0503W","Paravai (TP) WARD NO.-0003","System","2022-10-15 10:04:26.49793+00","","2022-10-15 10:04:26.49793+00"
"e47da484-0e3d-4b79-afc2-037a0921906f","3","Corporation","Zone 5- West","20MC0184W","Madurai (M Corp.) WARD NO.-0084","System","2022-10-15 10:04:26.502928+00","","2022-10-15 10:04:26.502928+00"
"e4cc9c5e-6361-4634-a467-1e328cc4aa82","1","Town Panchayat","Palamedu (TP)","20TP0510W","Palamedu (TP) WARD NO.-0010","System","2022-10-15 10:04:26.498924+00","","2022-10-15 10:04:26.498924+00"
"e513c795-caf7-4733-850c-566d6347dd81","2","Municipality","Melur (M)","20MU0102W","Melur (M) WARD NO.-0002","System","2022-10-15 10:04:26.500918+00","","2022-10-15 10:04:26.500918+00"
"e633571e-76cb-4f59-b840-f8c18a814a69","3","Corporation","Zone 5- West","20MC0193W","Madurai (M Corp.) WARD NO.-0093","System","2022-10-15 10:04:26.502928+00","","2022-10-15 10:04:26.502928+00"
"e683e2ad-fd38-4c1c-be6a-fb6e0584a836","3","Corporation","Zone  1- East","20MC0118W","Madurai (M Corp.) WARD NO.-0018","System","2022-10-15 10:04:26.501845+00","","2022-10-15 10:04:26.501845+00"
"e6affa48-d547-4a98-ab12-be99003bdcd4","3","Corporation","Zone 2-  North","20MC0121W","Madurai (M Corp.) WARD NO.-0021","System","2022-10-15 10:04:26.501845+00","","2022-10-15 10:04:26.501845+00"
"e6efd194-411c-4f89-bc62-4d294d730a0c","3","Corporation","Zone 3- Central","20MC0158W","Madurai (M Corp.) WARD NO.-0058","System","2022-10-15 10:04:26.501845+00","","2022-10-15 10:04:26.501845+00"
"e7270a3c-24aa-412c-8467-9e0b5fcffcc6","2","Municipality","Usilampatti (M)","20MU0316W","Usilampatti (M) WARD NO.-0016","System","2022-10-15 10:04:26.501845+00","","2022-10-15 10:04:26.501845+00"
"e85860ea-abe3-4e40-b83a-90c9220ae754","1","Town Panchayat","Peraiyur (TP)","20TP0614W","Peraiyur (TP) WARD NO.-0014","System","2022-10-15 10:04:26.499928+00","","2022-10-15 10:04:26.499928+00"
"e8824a3d-25d5-4166-9173-f9a4a21bcd26","3","Corporation","Zone 3- Central","20MC0162W","Madurai (M Corp.) WARD NO.-0062","System","2022-10-15 10:04:26.501845+00","","2022-10-15 10:04:26.501845+00"
"ea474811-3635-4a50-a115-f6844533d2ec","2","Municipality","Melur (M)","20MU0105W","Melur (M) WARD NO.-0005","System","2022-10-15 10:04:26.500918+00","","2022-10-15 10:04:26.500918+00"
"eb38b607-1f04-4528-9c88-3c63a6242fda","3","Corporation","Zone  1- East","20MC0107W","Madurai (M Corp.) WARD NO.-0007","System","2022-10-15 10:04:26.501845+00","","2022-10-15 10:04:26.501845+00"
"ebe4a78e-50c1-43a8-afcd-f605602cca88","2","Municipality","Thirumangalam (M)","20MU0210W","Thirumangalam (M) WARD NO.-0010","System","2022-10-15 10:04:26.500918+00","","2022-10-15 10:04:26.500918+00"
"ebe92052-1a1a-417c-928e-0613bc84adb7","3","Corporation","Zone 3- Central","20MC0150W","Madurai (M Corp.) WARD NO.-0050","System","2022-10-15 10:04:26.501845+00","","2022-10-15 10:04:26.501845+00"
"ebf9b396-31fb-449b-8027-9ee0adbbaed7","1","Town Panchayat","A.Vellalapatti (TP)","20TP01013W","A.Vellalapatti (TP) WARD NO.-0013","System","2022-10-15 10:04:26.49793+00","","2022-10-15 10:04:26.49793+00"
"ec071ffa-f938-4d5c-b6f0-7fab68bedc14","3","Corporation","Zone 3- Central","20MC0168W","Madurai (M Corp.) WARD NO.-0068","System","2022-10-15 10:04:26.501845+00","","2022-10-15 10:04:26.501845+00"
"ecc58b2b-53a5-4eaa-9e80-9875ce44c04e","1","Town Panchayat","Harveypatti (TP)","20CT0309W","Harveypatti (TP) WARD NO.-0009","System","2022-10-15 10:04:26.499928+00","","2022-10-15 10:04:26.499928+00"
"ecd971e2-6e6b-4f6f-a33c-7d070913fa7b","2","Municipality","Usilampatti (M)","20MU0310W","Usilampatti (M) WARD NO.-0010","System","2022-10-15 10:04:26.500918+00","","2022-10-15 10:04:26.500918+00"
"ed4861f8-daff-450d-987a-6281bd671740","1","Town Panchayat","Vadipatti (TP)","20TP0906W","Vadipatti (TP) WARD NO.-0006","System","2022-10-15 10:04:26.498924+00","","2022-10-15 10:04:26.498924+00"
"ed5ca372-9f25-4302-b32f-52f7711ea555","2","Municipality","Melur (M)","20MU0125W","Melur (M) WARD NO.-0024","System","2022-10-15 10:04:26.500918+00","","2022-10-15 10:04:26.500918+00"
"ee56f56a-aee6-4543-9304-ea085435edb8","1","Town Panchayat","Elumalai (TP)","20TP0317W","Elumalai (TP) WARD NO.-0017","System","2022-10-15 10:04:26.499928+00","","2022-10-15 10:04:26.499928+00"
"ef2030b0-1bb5-44f0-88bb-5e8e42800a6a","1","Town Panchayat","Elumalai (TP)","20TP0307W","Elumalai (TP) WARD NO.-0007","System","2022-10-15 10:04:26.498924+00","","2022-10-15 10:04:26.498924+00"
"ef723d76-508f-4194-af66-c9ae5c507387","2","Municipality","Melur (M)","20MU0118W","Melur (M) WARD NO.-0017","System","2022-10-15 10:04:26.500918+00","","2022-10-15 10:04:26.500918+00"
"f05e557d-0bfe-4f69-b243-14b750633299","1","Town Panchayat","Palamedu (TP)","20TP0508W","Palamedu (TP) WARD NO.-0008","System","2022-10-15 10:04:26.498924+00","","2022-10-15 10:04:26.498924+00"
"f0611a29-67b2-44ab-a2c9-7a919dd39165","3","Corporation","Zone  1- East","20MC0108W","Madurai (M Corp.) WARD NO.-0008","System","2022-10-15 10:04:26.501845+00","","2022-10-15 10:04:26.501845+00"
"f10cec4f-7444-4304-b94e-71e4e73ec349","1","Town Panchayat","Vadipatti (TP)","20TP0908W","Vadipatti (TP) WARD NO.-0008","System","2022-10-15 10:04:26.498924+00","","2022-10-15 10:04:26.498924+00"
"f2bab869-b667-4cc2-8c9c-f6f85654aef8","3","Corporation","Zone 3- Central","20MC0154W","Madurai (M Corp.) WARD NO.-0054","System","2022-10-15 10:04:26.501845+00","","2022-10-15 10:04:26.501845+00"
"f3232bc5-e172-425e-978b-fda0f2a1cafd","3","Corporation","Zone 2-  North","20MC0101W","Madurai (M Corp.) WARD NO.-0001","System","2022-10-15 10:04:26.501845+00","","2022-10-15 10:04:26.501845+00"
"f350deca-80ac-40a6-b75c-4914dc7a4091","1","Town Panchayat","Elumalai (TP)","20TP0312W","Elumalai (TP) WARD NO.-0012","System","2022-10-15 10:04:26.499928+00","","2022-10-15 10:04:26.499928+00"
"f37a52a4-7d57-47a1-afce-b99b7eaf66de","1","Town Panchayat","Sholavandan (TP)","20TP0708W","Sholavandan (TP) WARD NO.-0008","System","2022-10-15 10:04:26.498924+00","","2022-10-15 10:04:26.498924+00"
"f39a04b4-26ee-406e-90e7-e2395a490862","3","Corporation","Zone 4- South","20MC0143W","Madurai (M Corp.) WARD NO.-0043","System","2022-10-15 10:04:26.501845+00","","2022-10-15 10:04:26.501845+00"
"f3f2b7d3-25cd-4f33-8882-a059ba7b097d","1","Town Panchayat","Thirunagar (TP)","20CT1805W","Thirunagar (TP) WARD NO.-0005","System","2022-10-15 10:04:26.499928+00","","2022-10-15 10:04:26.499928+00"
"f44ac9df-3185-4879-80ea-829a1acbcde9","2","Municipality","Usilampatti (M)","20MU0306W","Usilampatti (M) WARD NO.-0006","System","2022-10-15 10:04:26.500918+00","","2022-10-15 10:04:26.500918+00"
"f4b13836-2859-4a4f-af78-9bb0de0d246b","3","Corporation","Zone 2-  North","20MC0131W","Madurai (M Corp.) WARD NO.-0031","System","2022-10-15 10:04:26.501845+00","","2022-10-15 10:04:26.501845+00"
"f4f89c37-4ae6-48c7-87b0-c66c2024ee49","3","Corporation","Zone 2-  North","20MC0134W","Madurai (M Corp.) WARD NO.-0034","System","2022-10-15 10:04:26.501845+00","","2022-10-15 10:04:26.501845+00"
"f57a7ead-ac41-46a4-bc44-0d664985cead","1","Town Panchayat","A.Vellalapatti (TP)","20TP01015W","A.Vellalapatti (TP) WARD NO.-0015","System","2022-10-15 10:04:26.49793+00","","2022-10-15 10:04:26.49793+00"
"f5d99987-6a8c-4e99-b064-4af1d735afb4","1","Town Panchayat","Thirunagar (TP)","20CT1812W","Thirunagar (TP) WARD NO.-0012","System","2022-10-15 10:04:26.499928+00","","2022-10-15 10:04:26.499928+00"
"f5de2b52-002c-43ea-b103-51db1ce43972","2","Municipality","Usilampatti (M)","20MU0320W","Usilampatti (M) WARD NO.-0020","System","2022-10-15 10:04:26.501845+00","","2022-10-15 10:04:26.501845+00"
"f5e2a0e1-752a-47fd-8d0b-5c54d0face6e","3","Corporation","Zone 4- South","20MC0153W","Madurai (M Corp.) WARD NO.-0053","System","2022-10-15 10:04:26.502928+00","","2022-10-15 10:04:26.502928+00"
"f6c4ad9d-7958-47e2-ac68-f01460947063","3","Corporation","Zone  1- East","20MC0138W","Madurai (M Corp.) WARD NO.-0038","System","2022-10-15 10:04:26.501845+00","","2022-10-15 10:04:26.501845+00"
"f6ff099c-86ad-4566-9148-6cd7be3e5ac0","1","Town Panchayat","T.Kallupatti (TP)","20TP0815W","T.Kallupatti (TP) WARD NO.-0014","System","2022-10-15 10:04:26.499928+00","","2022-10-15 10:04:26.499928+00"
"f7f175c2-c82c-4dde-94a8-41bb999dc74c","1","Town Panchayat","Thirunagar (TP)","20CT1806W","Thirunagar (TP) WARD NO.-0006","System","2022-10-15 10:04:26.499928+00","","2022-10-15 10:04:26.499928+00"
"f85bebd1-32e6-4419-a1a4-295d30a590de","1","Town Panchayat","Vadipatti (TP)","20TP0909W","Vadipatti (TP) WARD NO.-0009","System","2022-10-15 10:04:26.498924+00","","2022-10-15 10:04:26.498924+00"
"fa2ba674-20d2-429d-9d7b-5edf3122216f","1","Town Panchayat","Thirunagar (TP)","20CT1802W","Thirunagar (TP) WARD NO.-0002","System","2022-10-15 10:04:26.499928+00","","2022-10-15 10:04:26.499928+00"
"fa3c514c-8707-4b44-992e-68e9eeab8acd","1","Town Panchayat","Vadipatti (TP)","20TP0911W","Vadipatti (TP) WARD NO.-0011","System","2022-10-15 10:04:26.498924+00","","2022-10-15 10:04:26.498924+00"
"fc9325d9-3b4e-4c08-98a4-9e1460c7ae4b","1","Town Panchayat","Elumalai (TP)","20TP0308W","Elumalai (TP) WARD NO.-0008","System","2022-10-15 10:04:26.498924+00","","2022-10-15 10:04:26.498924+00"
"fc9e4f0a-01af-407a-abf0-acc88bf56026","1","Town Panchayat","A.Vellalapatti (TP)","20TP0101W","A.Vellalapatti (TP) WARD NO.-0001","System","2022-10-15 10:04:26.49793+00","","2022-10-15 10:04:26.49793+00"
"fd131bcc-1fd6-4b6f-aa98-eb0bb90e92c9","1","Town Panchayat","Sholavandan (TP)","20TP0706W","Sholavandan (TP) WARD NO.-0006","System","2022-10-15 10:04:26.498924+00","","2022-10-15 10:04:26.498924+00"
"fdd9946d-ab76-4b0f-a667-2c8facfdd82f","1","Town Panchayat","Harveypatti (TP)","20CT0301W","Harveypatti (TP) WARD NO.-0001","System","2022-10-15 10:04:26.499928+00","","2022-10-15 10:04:26.499928+00"
"fe6ac782-fcff-4f8d-a9ef-750a46e32cdb","3","Corporation","Zone 5- West","20MC0182W","Madurai (M Corp.) WARD NO.-0082","System","2022-10-15 10:04:26.502928+00","","2022-10-15 10:04:26.502928+00"
"ff262b30-ed4c-41c4-b288-1deab65d7cc4","1","Town Panchayat","Elumalai (TP)","20TP0315W","Elumalai (TP) WARD NO.-0015","System","2022-10-15 10:04:26.499928+00","","2022-10-15 10:04:26.499928+00"
"ff2ec9e5-8a22-4a48-b1d0-c37d61831ba9","1","Town Panchayat","Vilangudi (TP)","20CT2212W","Vilangudi (TP) WARD NO.-0012","System","2022-10-15 10:04:26.49793+00","","2022-10-15 10:04:26.49793+00"
